ISO-10303-21;
HEADER;
/* Generated by software containing ST-Developer
 * from STEP Tools, Inc. (www.steptools.com) 
 */

FILE_DESCRIPTION(
/* description */ (''),
/* implementation_level */ '2;1');

FILE_NAME(
/* name */ 'TM171.step',
/* time_stamp */ '2025-12-21T22:48:46-06:00',
/* author */ (''),
/* organization */ (''),
/* preprocessor_version */ 'ST-DEVELOPER v20.1',
/* originating_system */ 'Autodesk Translation Framework v14.21.0.0',
/* authorisation */ '');

FILE_SCHEMA (('AUTOMOTIVE_DESIGN { 1 0 10303 214 3 1 1 }'));
ENDSEC;

DATA;
#10=MECHANICAL_DESIGN_GEOMETRIC_PRESENTATION_REPRESENTATION('',(#13),#4384);
#11=SHAPE_REPRESENTATION_RELATIONSHIP('SRR','None',#4391,#12);
#12=ADVANCED_BREP_SHAPE_REPRESENTATION('',(#14),#4383);
#13=STYLED_ITEM('',(#4400),#14);
#14=MANIFOLD_SOLID_BREP('Body1',#2464);
#15=FACE_BOUND('',#360,.T.);
#16=FACE_BOUND('',#400,.T.);
#17=FACE_BOUND('',#401,.T.);
#18=FACE_BOUND('',#402,.T.);
#19=FACE_BOUND('',#403,.T.);
#20=FACE_BOUND('',#404,.T.);
#21=FACE_BOUND('',#405,.T.);
#22=FACE_BOUND('',#406,.T.);
#23=FACE_BOUND('',#407,.T.);
#24=FACE_BOUND('',#448,.T.);
#25=FACE_BOUND('',#449,.T.);
#26=FACE_BOUND('',#450,.T.);
#27=FACE_BOUND('',#451,.T.);
#28=FACE_BOUND('',#452,.T.);
#29=FACE_BOUND('',#453,.T.);
#30=FACE_BOUND('',#454,.T.);
#31=FACE_BOUND('',#455,.T.);
#32=FACE_BOUND('',#456,.T.);
#33=FACE_BOUND('',#460,.T.);
#34=FACE_BOUND('',#461,.T.);
#35=FACE_BOUND('',#462,.T.);
#36=FACE_BOUND('',#463,.T.);
#37=FACE_BOUND('',#464,.T.);
#38=FACE_BOUND('',#465,.T.);
#39=FACE_BOUND('',#466,.T.);
#40=FACE_BOUND('',#467,.T.);
#41=FACE_BOUND('',#468,.T.);
#42=FACE_BOUND('',#485,.T.);
#43=CIRCLE('',#2486,0.9);
#44=CIRCLE('',#2487,0.9);
#45=CIRCLE('',#2495,1.15);
#46=CIRCLE('',#2496,1.15);
#47=CIRCLE('',#2504,1.15);
#48=CIRCLE('',#2505,1.15);
#49=CIRCLE('',#2508,0.45);
#50=CIRCLE('',#2509,0.45);
#51=CIRCLE('',#2528,1.5);
#52=CIRCLE('',#2529,1.5);
#53=CIRCLE('',#2530,1.5);
#54=CIRCLE('',#2531,1.5);
#55=CIRCLE('',#2533,2.);
#56=CIRCLE('',#2534,2.);
#57=CIRCLE('',#2537,2.);
#58=CIRCLE('',#2538,2.);
#59=CIRCLE('',#2543,1.5);
#60=CIRCLE('',#2546,1.5);
#61=CIRCLE('',#2549,1.5);
#62=CIRCLE('',#2552,1.5);
#63=CIRCLE('',#2555,1.);
#64=CIRCLE('',#2556,1.);
#65=CIRCLE('',#2558,0.635);
#66=CIRCLE('',#2559,0.635);
#67=CIRCLE('',#2561,1.);
#68=CIRCLE('',#2562,1.);
#69=CIRCLE('',#2564,1.);
#70=CIRCLE('',#2565,1.);
#71=CIRCLE('',#2567,1.);
#72=CIRCLE('',#2568,1.);
#73=CIRCLE('',#2570,0.635);
#74=CIRCLE('',#2571,0.635);
#75=CIRCLE('',#2573,1.);
#76=CIRCLE('',#2574,1.);
#77=CIRCLE('',#2576,0.635);
#78=CIRCLE('',#2577,0.635);
#79=CIRCLE('',#2579,0.635);
#80=CIRCLE('',#2580,0.635);
#81=CIRCLE('',#2582,1.);
#82=CIRCLE('',#2583,1.);
#83=CIRCLE('',#2585,1.);
#84=CIRCLE('',#2586,1.);
#85=CIRCLE('',#2588,1.);
#86=CIRCLE('',#2589,1.);
#87=CIRCLE('',#2591,0.635);
#88=CIRCLE('',#2592,0.635);
#89=CIRCLE('',#2594,1.);
#90=CIRCLE('',#2595,1.);
#91=CIRCLE('',#2608,1.05);
#92=CIRCLE('',#2609,1.05);
#93=CIRCLE('',#2610,1.05);
#94=CIRCLE('',#2611,1.05);
#95=CIRCLE('',#2615,1.05);
#96=CIRCLE('',#2616,1.05);
#97=CIRCLE('',#2617,1.05);
#98=CIRCLE('',#2618,1.05);
#99=CYLINDRICAL_SURFACE('',#2485,0.9);
#100=CYLINDRICAL_SURFACE('',#2494,1.15);
#101=CYLINDRICAL_SURFACE('',#2503,1.15);
#102=CYLINDRICAL_SURFACE('',#2507,0.45);
#103=CYLINDRICAL_SURFACE('',#2532,2.);
#104=CYLINDRICAL_SURFACE('',#2536,2.);
#105=CYLINDRICAL_SURFACE('',#2542,1.5);
#106=CYLINDRICAL_SURFACE('',#2545,1.5);
#107=CYLINDRICAL_SURFACE('',#2548,1.5);
#108=CYLINDRICAL_SURFACE('',#2551,1.5);
#109=CYLINDRICAL_SURFACE('',#2554,1.);
#110=CYLINDRICAL_SURFACE('',#2557,0.635);
#111=CYLINDRICAL_SURFACE('',#2560,1.);
#112=CYLINDRICAL_SURFACE('',#2563,1.);
#113=CYLINDRICAL_SURFACE('',#2566,1.);
#114=CYLINDRICAL_SURFACE('',#2569,0.635);
#115=CYLINDRICAL_SURFACE('',#2572,1.);
#116=CYLINDRICAL_SURFACE('',#2575,0.635);
#117=CYLINDRICAL_SURFACE('',#2578,0.635);
#118=CYLINDRICAL_SURFACE('',#2581,1.);
#119=CYLINDRICAL_SURFACE('',#2584,1.);
#120=CYLINDRICAL_SURFACE('',#2587,1.);
#121=CYLINDRICAL_SURFACE('',#2590,0.635);
#122=CYLINDRICAL_SURFACE('',#2593,1.);
#123=CYLINDRICAL_SURFACE('',#2630,1.05);
#124=CYLINDRICAL_SURFACE('',#2631,1.05);
#125=CYLINDRICAL_SURFACE('',#2632,1.05);
#126=CYLINDRICAL_SURFACE('',#2633,1.05);
#127=PLANE('',#2478);
#128=PLANE('',#2479);
#129=PLANE('',#2480);
#130=PLANE('',#2481);
#131=PLANE('',#2482);
#132=PLANE('',#2483);
#133=PLANE('',#2484);
#134=PLANE('',#2488);
#135=PLANE('',#2489);
#136=PLANE('',#2490);
#137=PLANE('',#2491);
#138=PLANE('',#2492);
#139=PLANE('',#2493);
#140=PLANE('',#2497);
#141=PLANE('',#2498);
#142=PLANE('',#2499);
#143=PLANE('',#2500);
#144=PLANE('',#2501);
#145=PLANE('',#2502);
#146=PLANE('',#2506);
#147=PLANE('',#2510);
#148=PLANE('',#2511);
#149=PLANE('',#2512);
#150=PLANE('',#2513);
#151=PLANE('',#2514);
#152=PLANE('',#2515);
#153=PLANE('',#2516);
#154=PLANE('',#2517);
#155=PLANE('',#2518);
#156=PLANE('',#2519);
#157=PLANE('',#2520);
#158=PLANE('',#2521);
#159=PLANE('',#2522);
#160=PLANE('',#2523);
#161=PLANE('',#2524);
#162=PLANE('',#2525);
#163=PLANE('',#2526);
#164=PLANE('',#2527);
#165=PLANE('',#2535);
#166=PLANE('',#2539);
#167=PLANE('',#2540);
#168=PLANE('',#2541);
#169=PLANE('',#2544);
#170=PLANE('',#2547);
#171=PLANE('',#2550);
#172=PLANE('',#2553);
#173=PLANE('',#2596);
#174=PLANE('',#2597);
#175=PLANE('',#2598);
#176=PLANE('',#2599);
#177=PLANE('',#2600);
#178=PLANE('',#2601);
#179=PLANE('',#2602);
#180=PLANE('',#2603);
#181=PLANE('',#2604);
#182=PLANE('',#2605);
#183=PLANE('',#2606);
#184=PLANE('',#2607);
#185=PLANE('',#2612);
#186=PLANE('',#2613);
#187=PLANE('',#2614);
#188=PLANE('',#2619);
#189=PLANE('',#2620);
#190=PLANE('',#2621);
#191=PLANE('',#2622);
#192=PLANE('',#2623);
#193=PLANE('',#2624);
#194=PLANE('',#2625);
#195=PLANE('',#2626);
#196=PLANE('',#2627);
#197=PLANE('',#2628);
#198=PLANE('',#2629);
#199=PLANE('',#2634);
#200=FACE_OUTER_BOUND('',#329,.T.);
#201=FACE_OUTER_BOUND('',#330,.T.);
#202=FACE_OUTER_BOUND('',#331,.T.);
#203=FACE_OUTER_BOUND('',#332,.T.);
#204=FACE_OUTER_BOUND('',#333,.T.);
#205=FACE_OUTER_BOUND('',#334,.T.);
#206=FACE_OUTER_BOUND('',#335,.T.);
#207=FACE_OUTER_BOUND('',#336,.T.);
#208=FACE_OUTER_BOUND('',#337,.T.);
#209=FACE_OUTER_BOUND('',#338,.T.);
#210=FACE_OUTER_BOUND('',#339,.T.);
#211=FACE_OUTER_BOUND('',#340,.T.);
#212=FACE_OUTER_BOUND('',#341,.T.);
#213=FACE_OUTER_BOUND('',#342,.T.);
#214=FACE_OUTER_BOUND('',#343,.T.);
#215=FACE_OUTER_BOUND('',#344,.T.);
#216=FACE_OUTER_BOUND('',#345,.T.);
#217=FACE_OUTER_BOUND('',#346,.T.);
#218=FACE_OUTER_BOUND('',#347,.T.);
#219=FACE_OUTER_BOUND('',#348,.T.);
#220=FACE_OUTER_BOUND('',#349,.T.);
#221=FACE_OUTER_BOUND('',#350,.T.);
#222=FACE_OUTER_BOUND('',#351,.T.);
#223=FACE_OUTER_BOUND('',#352,.T.);
#224=FACE_OUTER_BOUND('',#353,.T.);
#225=FACE_OUTER_BOUND('',#354,.T.);
#226=FACE_OUTER_BOUND('',#355,.T.);
#227=FACE_OUTER_BOUND('',#356,.T.);
#228=FACE_OUTER_BOUND('',#357,.T.);
#229=FACE_OUTER_BOUND('',#358,.T.);
#230=FACE_OUTER_BOUND('',#359,.T.);
#231=FACE_OUTER_BOUND('',#361,.T.);
#232=FACE_OUTER_BOUND('',#362,.T.);
#233=FACE_OUTER_BOUND('',#363,.T.);
#234=FACE_OUTER_BOUND('',#364,.T.);
#235=FACE_OUTER_BOUND('',#365,.T.);
#236=FACE_OUTER_BOUND('',#366,.T.);
#237=FACE_OUTER_BOUND('',#367,.T.);
#238=FACE_OUTER_BOUND('',#368,.T.);
#239=FACE_OUTER_BOUND('',#369,.T.);
#240=FACE_OUTER_BOUND('',#370,.T.);
#241=FACE_OUTER_BOUND('',#371,.T.);
#242=FACE_OUTER_BOUND('',#372,.T.);
#243=FACE_OUTER_BOUND('',#373,.T.);
#244=FACE_OUTER_BOUND('',#374,.T.);
#245=FACE_OUTER_BOUND('',#375,.T.);
#246=FACE_OUTER_BOUND('',#376,.T.);
#247=FACE_OUTER_BOUND('',#377,.T.);
#248=FACE_OUTER_BOUND('',#378,.T.);
#249=FACE_OUTER_BOUND('',#379,.T.);
#250=FACE_OUTER_BOUND('',#380,.T.);
#251=FACE_OUTER_BOUND('',#381,.T.);
#252=FACE_OUTER_BOUND('',#382,.T.);
#253=FACE_OUTER_BOUND('',#383,.T.);
#254=FACE_OUTER_BOUND('',#384,.T.);
#255=FACE_OUTER_BOUND('',#385,.T.);
#256=FACE_OUTER_BOUND('',#386,.T.);
#257=FACE_OUTER_BOUND('',#387,.T.);
#258=FACE_OUTER_BOUND('',#388,.T.);
#259=FACE_OUTER_BOUND('',#389,.T.);
#260=FACE_OUTER_BOUND('',#390,.T.);
#261=FACE_OUTER_BOUND('',#391,.T.);
#262=FACE_OUTER_BOUND('',#392,.T.);
#263=FACE_OUTER_BOUND('',#393,.T.);
#264=FACE_OUTER_BOUND('',#394,.T.);
#265=FACE_OUTER_BOUND('',#395,.T.);
#266=FACE_OUTER_BOUND('',#396,.T.);
#267=FACE_OUTER_BOUND('',#397,.T.);
#268=FACE_OUTER_BOUND('',#398,.T.);
#269=FACE_OUTER_BOUND('',#399,.T.);
#270=FACE_OUTER_BOUND('',#408,.T.);
#271=FACE_OUTER_BOUND('',#409,.T.);
#272=FACE_OUTER_BOUND('',#410,.T.);
#273=FACE_OUTER_BOUND('',#411,.T.);
#274=FACE_OUTER_BOUND('',#412,.T.);
#275=FACE_OUTER_BOUND('',#413,.T.);
#276=FACE_OUTER_BOUND('',#414,.T.);
#277=FACE_OUTER_BOUND('',#415,.T.);
#278=FACE_OUTER_BOUND('',#416,.T.);
#279=FACE_OUTER_BOUND('',#417,.T.);
#280=FACE_OUTER_BOUND('',#418,.T.);
#281=FACE_OUTER_BOUND('',#419,.T.);
#282=FACE_OUTER_BOUND('',#420,.T.);
#283=FACE_OUTER_BOUND('',#421,.T.);
#284=FACE_OUTER_BOUND('',#422,.T.);
#285=FACE_OUTER_BOUND('',#423,.T.);
#286=FACE_OUTER_BOUND('',#424,.T.);
#287=FACE_OUTER_BOUND('',#425,.T.);
#288=FACE_OUTER_BOUND('',#426,.T.);
#289=FACE_OUTER_BOUND('',#427,.T.);
#290=FACE_OUTER_BOUND('',#428,.T.);
#291=FACE_OUTER_BOUND('',#429,.T.);
#292=FACE_OUTER_BOUND('',#430,.T.);
#293=FACE_OUTER_BOUND('',#431,.T.);
#294=FACE_OUTER_BOUND('',#432,.T.);
#295=FACE_OUTER_BOUND('',#433,.T.);
#296=FACE_OUTER_BOUND('',#434,.T.);
#297=FACE_OUTER_BOUND('',#435,.T.);
#298=FACE_OUTER_BOUND('',#436,.T.);
#299=FACE_OUTER_BOUND('',#437,.T.);
#300=FACE_OUTER_BOUND('',#438,.T.);
#301=FACE_OUTER_BOUND('',#439,.T.);
#302=FACE_OUTER_BOUND('',#440,.T.);
#303=FACE_OUTER_BOUND('',#441,.T.);
#304=FACE_OUTER_BOUND('',#442,.T.);
#305=FACE_OUTER_BOUND('',#443,.T.);
#306=FACE_OUTER_BOUND('',#444,.T.);
#307=FACE_OUTER_BOUND('',#445,.T.);
#308=FACE_OUTER_BOUND('',#446,.T.);
#309=FACE_OUTER_BOUND('',#447,.T.);
#310=FACE_OUTER_BOUND('',#457,.T.);
#311=FACE_OUTER_BOUND('',#458,.T.);
#312=FACE_OUTER_BOUND('',#459,.T.);
#313=FACE_OUTER_BOUND('',#469,.T.);
#314=FACE_OUTER_BOUND('',#470,.T.);
#315=FACE_OUTER_BOUND('',#471,.T.);
#316=FACE_OUTER_BOUND('',#472,.T.);
#317=FACE_OUTER_BOUND('',#473,.T.);
#318=FACE_OUTER_BOUND('',#474,.T.);
#319=FACE_OUTER_BOUND('',#475,.T.);
#320=FACE_OUTER_BOUND('',#476,.T.);
#321=FACE_OUTER_BOUND('',#477,.T.);
#322=FACE_OUTER_BOUND('',#478,.T.);
#323=FACE_OUTER_BOUND('',#479,.T.);
#324=FACE_OUTER_BOUND('',#480,.T.);
#325=FACE_OUTER_BOUND('',#481,.T.);
#326=FACE_OUTER_BOUND('',#482,.T.);
#327=FACE_OUTER_BOUND('',#483,.T.);
#328=FACE_OUTER_BOUND('',#484,.T.);
#329=EDGE_LOOP('',(#1605,#1606,#1607,#1608));
#330=EDGE_LOOP('',(#1609,#1610,#1611,#1612));
#331=EDGE_LOOP('',(#1613,#1614,#1615,#1616));
#332=EDGE_LOOP('',(#1617,#1618,#1619,#1620));
#333=EDGE_LOOP('',(#1621,#1622,#1623,#1624));
#334=EDGE_LOOP('',(#1625,#1626,#1627,#1628));
#335=EDGE_LOOP('',(#1629,#1630,#1631,#1632));
#336=EDGE_LOOP('',(#1633,#1634,#1635,#1636));
#337=EDGE_LOOP('',(#1637,#1638,#1639,#1640));
#338=EDGE_LOOP('',(#1641,#1642,#1643,#1644));
#339=EDGE_LOOP('',(#1645,#1646,#1647,#1648));
#340=EDGE_LOOP('',(#1649,#1650,#1651,#1652));
#341=EDGE_LOOP('',(#1653,#1654,#1655,#1656));
#342=EDGE_LOOP('',(#1657,#1658,#1659,#1660));
#343=EDGE_LOOP('',(#1661,#1662,#1663,#1664,#1665,#1666,#1667,#1668,#1669,
#1670,#1671,#1672,#1673,#1674));
#344=EDGE_LOOP('',(#1675,#1676,#1677,#1678));
#345=EDGE_LOOP('',(#1679,#1680,#1681,#1682));
#346=EDGE_LOOP('',(#1683,#1684,#1685,#1686));
#347=EDGE_LOOP('',(#1687,#1688,#1689,#1690));
#348=EDGE_LOOP('',(#1691,#1692,#1693,#1694));
#349=EDGE_LOOP('',(#1695,#1696,#1697,#1698));
#350=EDGE_LOOP('',(#1699,#1700,#1701,#1702));
#351=EDGE_LOOP('',(#1703,#1704,#1705,#1706));
#352=EDGE_LOOP('',(#1707,#1708,#1709,#1710));
#353=EDGE_LOOP('',(#1711,#1712,#1713,#1714));
#354=EDGE_LOOP('',(#1715,#1716,#1717,#1718));
#355=EDGE_LOOP('',(#1719,#1720,#1721,#1722));
#356=EDGE_LOOP('',(#1723,#1724,#1725,#1726));
#357=EDGE_LOOP('',(#1727,#1728,#1729,#1730));
#358=EDGE_LOOP('',(#1731,#1732,#1733,#1734));
#359=EDGE_LOOP('',(#1735,#1736,#1737,#1738,#1739,#1740,#1741,#1742,#1743,
#1744,#1745,#1746,#1747,#1748));
#360=EDGE_LOOP('',(#1749));
#361=EDGE_LOOP('',(#1750,#1751,#1752,#1753));
#362=EDGE_LOOP('',(#1754));
#363=EDGE_LOOP('',(#1755,#1756,#1757,#1758));
#364=EDGE_LOOP('',(#1759,#1760,#1761,#1762));
#365=EDGE_LOOP('',(#1763,#1764,#1765,#1766));
#366=EDGE_LOOP('',(#1767,#1768,#1769,#1770));
#367=EDGE_LOOP('',(#1771,#1772,#1773,#1774));
#368=EDGE_LOOP('',(#1775,#1776,#1777,#1778));
#369=EDGE_LOOP('',(#1779,#1780,#1781,#1782));
#370=EDGE_LOOP('',(#1783,#1784,#1785,#1786));
#371=EDGE_LOOP('',(#1787,#1788,#1789,#1790));
#372=EDGE_LOOP('',(#1791,#1792,#1793,#1794));
#373=EDGE_LOOP('',(#1795,#1796,#1797,#1798));
#374=EDGE_LOOP('',(#1799,#1800,#1801,#1802));
#375=EDGE_LOOP('',(#1803,#1804,#1805,#1806));
#376=EDGE_LOOP('',(#1807,#1808,#1809,#1810));
#377=EDGE_LOOP('',(#1811,#1812,#1813,#1814,#1815,#1816,#1817,#1818,#1819,
#1820,#1821,#1822,#1823,#1824));
#378=EDGE_LOOP('',(#1825,#1826,#1827,#1828));
#379=EDGE_LOOP('',(#1829,#1830,#1831,#1832));
#380=EDGE_LOOP('',(#1833,#1834,#1835,#1836));
#381=EDGE_LOOP('',(#1837,#1838,#1839,#1840));
#382=EDGE_LOOP('',(#1841,#1842,#1843,#1844));
#383=EDGE_LOOP('',(#1845,#1846,#1847,#1848));
#384=EDGE_LOOP('',(#1849,#1850,#1851,#1852));
#385=EDGE_LOOP('',(#1853,#1854,#1855,#1856));
#386=EDGE_LOOP('',(#1857,#1858,#1859,#1860));
#387=EDGE_LOOP('',(#1861,#1862,#1863,#1864));
#388=EDGE_LOOP('',(#1865,#1866,#1867,#1868));
#389=EDGE_LOOP('',(#1869,#1870,#1871,#1872));
#390=EDGE_LOOP('',(#1873,#1874,#1875,#1876));
#391=EDGE_LOOP('',(#1877,#1878,#1879,#1880));
#392=EDGE_LOOP('',(#1881,#1882,#1883,#1884));
#393=EDGE_LOOP('',(#1885,#1886,#1887,#1888));
#394=EDGE_LOOP('',(#1889,#1890,#1891,#1892));
#395=EDGE_LOOP('',(#1893,#1894,#1895,#1896));
#396=EDGE_LOOP('',(#1897,#1898,#1899,#1900));
#397=EDGE_LOOP('',(#1901,#1902,#1903,#1904));
#398=EDGE_LOOP('',(#1905,#1906,#1907,#1908,#1909,#1910,#1911,#1912,#1913,
#1914,#1915,#1916,#1917,#1918,#1919,#1920,#1921,#1922,#1923,#1924));
#399=EDGE_LOOP('',(#1925,#1926,#1927,#1928,#1929,#1930,#1931,#1932));
#400=EDGE_LOOP('',(#1933));
#401=EDGE_LOOP('',(#1934));
#402=EDGE_LOOP('',(#1935));
#403=EDGE_LOOP('',(#1936));
#404=EDGE_LOOP('',(#1937,#1938,#1939,#1940,#1941,#1942,#1943,#1944,#1945,
#1946,#1947,#1948,#1949,#1950,#1951,#1952,#1953,#1954,#1955,#1956));
#405=EDGE_LOOP('',(#1957,#1958,#1959,#1960,#1961,#1962,#1963,#1964,#1965,
#1966,#1967,#1968,#1969,#1970));
#406=EDGE_LOOP('',(#1971,#1972,#1973,#1974,#1975,#1976,#1977,#1978,#1979,
#1980,#1981,#1982,#1983,#1984));
#407=EDGE_LOOP('',(#1985,#1986,#1987,#1988,#1989,#1990,#1991,#1992,#1993,
#1994,#1995,#1996,#1997,#1998));
#408=EDGE_LOOP('',(#1999,#2000,#2001,#2002));
#409=EDGE_LOOP('',(#2003,#2004,#2005,#2006));
#410=EDGE_LOOP('',(#2007,#2008,#2009,#2010));
#411=EDGE_LOOP('',(#2011,#2012,#2013,#2014));
#412=EDGE_LOOP('',(#2015,#2016,#2017,#2018));
#413=EDGE_LOOP('',(#2019,#2020,#2021,#2022,#2023,#2024,#2025,#2026,#2027,
#2028));
#414=EDGE_LOOP('',(#2029,#2030,#2031,#2032));
#415=EDGE_LOOP('',(#2033));
#416=EDGE_LOOP('',(#2034,#2035,#2036,#2037));
#417=EDGE_LOOP('',(#2038));
#418=EDGE_LOOP('',(#2039,#2040,#2041,#2042));
#419=EDGE_LOOP('',(#2043));
#420=EDGE_LOOP('',(#2044,#2045,#2046,#2047));
#421=EDGE_LOOP('',(#2048));
#422=EDGE_LOOP('',(#2049,#2050,#2051,#2052));
#423=EDGE_LOOP('',(#2053,#2054,#2055,#2056));
#424=EDGE_LOOP('',(#2057,#2058,#2059,#2060));
#425=EDGE_LOOP('',(#2061,#2062,#2063,#2064));
#426=EDGE_LOOP('',(#2065,#2066,#2067,#2068));
#427=EDGE_LOOP('',(#2069,#2070,#2071,#2072));
#428=EDGE_LOOP('',(#2073,#2074,#2075,#2076));
#429=EDGE_LOOP('',(#2077,#2078,#2079,#2080));
#430=EDGE_LOOP('',(#2081,#2082,#2083,#2084));
#431=EDGE_LOOP('',(#2085,#2086,#2087,#2088));
#432=EDGE_LOOP('',(#2089,#2090,#2091,#2092));
#433=EDGE_LOOP('',(#2093,#2094,#2095,#2096));
#434=EDGE_LOOP('',(#2097,#2098,#2099,#2100));
#435=EDGE_LOOP('',(#2101,#2102,#2103,#2104));
#436=EDGE_LOOP('',(#2105,#2106,#2107,#2108));
#437=EDGE_LOOP('',(#2109,#2110,#2111,#2112));
#438=EDGE_LOOP('',(#2113,#2114,#2115,#2116));
#439=EDGE_LOOP('',(#2117,#2118,#2119,#2120));
#440=EDGE_LOOP('',(#2121,#2122,#2123,#2124));
#441=EDGE_LOOP('',(#2125,#2126,#2127,#2128));
#442=EDGE_LOOP('',(#2129,#2130,#2131,#2132));
#443=EDGE_LOOP('',(#2133,#2134,#2135,#2136));
#444=EDGE_LOOP('',(#2137,#2138,#2139,#2140));
#445=EDGE_LOOP('',(#2141,#2142,#2143,#2144,#2145,#2146,#2147,#2148,#2149,
#2150));
#446=EDGE_LOOP('',(#2151,#2152,#2153,#2154));
#447=EDGE_LOOP('',(#2155,#2156,#2157,#2158,#2159,#2160,#2161,#2162,#2163,
#2164,#2165,#2166,#2167,#2168,#2169,#2170,#2171,#2172,#2173,#2174,#2175,
#2176,#2177,#2178,#2179,#2180,#2181,#2182,#2183,#2184,#2185,#2186,#2187,
#2188,#2189,#2190,#2191,#2192));
#448=EDGE_LOOP('',(#2193));
#449=EDGE_LOOP('',(#2194));
#450=EDGE_LOOP('',(#2195));
#451=EDGE_LOOP('',(#2196));
#452=EDGE_LOOP('',(#2197));
#453=EDGE_LOOP('',(#2198));
#454=EDGE_LOOP('',(#2199));
#455=EDGE_LOOP('',(#2200));
#456=EDGE_LOOP('',(#2201));
#457=EDGE_LOOP('',(#2202,#2203,#2204,#2205));
#458=EDGE_LOOP('',(#2206,#2207,#2208,#2209));
#459=EDGE_LOOP('',(#2210,#2211,#2212,#2213,#2214,#2215,#2216,#2217,#2218,
#2219,#2220,#2221,#2222,#2223,#2224,#2225,#2226,#2227,#2228,#2229,#2230,
#2231,#2232,#2233,#2234,#2235));
#460=EDGE_LOOP('',(#2236));
#461=EDGE_LOOP('',(#2237));
#462=EDGE_LOOP('',(#2238));
#463=EDGE_LOOP('',(#2239));
#464=EDGE_LOOP('',(#2240));
#465=EDGE_LOOP('',(#2241));
#466=EDGE_LOOP('',(#2242));
#467=EDGE_LOOP('',(#2243));
#468=EDGE_LOOP('',(#2244));
#469=EDGE_LOOP('',(#2245,#2246,#2247,#2248));
#470=EDGE_LOOP('',(#2249,#2250,#2251,#2252));
#471=EDGE_LOOP('',(#2253,#2254,#2255,#2256));
#472=EDGE_LOOP('',(#2257,#2258,#2259,#2260));
#473=EDGE_LOOP('',(#2261,#2262,#2263,#2264));
#474=EDGE_LOOP('',(#2265,#2266,#2267,#2268));
#475=EDGE_LOOP('',(#2269,#2270,#2271,#2272));
#476=EDGE_LOOP('',(#2273,#2274,#2275,#2276));
#477=EDGE_LOOP('',(#2277,#2278,#2279,#2280));
#478=EDGE_LOOP('',(#2281,#2282,#2283,#2284));
#479=EDGE_LOOP('',(#2285,#2286,#2287,#2288));
#480=EDGE_LOOP('',(#2289,#2290,#2291,#2292));
#481=EDGE_LOOP('',(#2293,#2294,#2295,#2296));
#482=EDGE_LOOP('',(#2297,#2298,#2299,#2300));
#483=EDGE_LOOP('',(#2301,#2302,#2303,#2304));
#484=EDGE_LOOP('',(#2305));
#485=EDGE_LOOP('',(#2306));
#486=LINE('',#3209,#725);
#487=LINE('',#3216,#726);
#488=LINE('',#3234,#727);
#489=LINE('',#3257,#728);
#490=LINE('',#3265,#729);
#491=LINE('',#3267,#730);
#492=LINE('',#3268,#731);
#493=LINE('',#3271,#732);
#494=LINE('',#3273,#733);
#495=LINE('',#3274,#734);
#496=LINE('',#3292,#735);
#497=LINE('',#3315,#736);
#498=LINE('',#3338,#737);
#499=LINE('',#3346,#738);
#500=LINE('',#3348,#739);
#501=LINE('',#3349,#740);
#502=LINE('',#3352,#741);
#503=LINE('',#3354,#742);
#504=LINE('',#3355,#743);
#505=LINE('',#3373,#744);
#506=LINE('',#3396,#745);
#507=LINE('',#3404,#746);
#508=LINE('',#3406,#747);
#509=LINE('',#3407,#748);
#510=LINE('',#3409,#749);
#511=LINE('',#3410,#750);
#512=LINE('',#3416,#751);
#513=LINE('',#3421,#752);
#514=LINE('',#3423,#753);
#515=LINE('',#3425,#754);
#516=LINE('',#3426,#755);
#517=LINE('',#3429,#756);
#518=LINE('',#3431,#757);
#519=LINE('',#3432,#758);
#520=LINE('',#3435,#759);
#521=LINE('',#3437,#760);
#522=LINE('',#3438,#761);
#523=LINE('',#3441,#762);
#524=LINE('',#3443,#763);
#525=LINE('',#3444,#764);
#526=LINE('',#3447,#765);
#527=LINE('',#3449,#766);
#528=LINE('',#3450,#767);
#529=LINE('',#3453,#768);
#530=LINE('',#3455,#769);
#531=LINE('',#3456,#770);
#532=LINE('',#3461,#771);
#533=LINE('',#3465,#772);
#534=LINE('',#3467,#773);
#535=LINE('',#3468,#774);
#536=LINE('',#3471,#775);
#537=LINE('',#3473,#776);
#538=LINE('',#3474,#777);
#539=LINE('',#3477,#778);
#540=LINE('',#3479,#779);
#541=LINE('',#3480,#780);
#542=LINE('',#3483,#781);
#543=LINE('',#3485,#782);
#544=LINE('',#3486,#783);
#545=LINE('',#3489,#784);
#546=LINE('',#3491,#785);
#547=LINE('',#3492,#786);
#548=LINE('',#3495,#787);
#549=LINE('',#3497,#788);
#550=LINE('',#3498,#789);
#551=LINE('',#3507,#790);
#552=LINE('',#3528,#791);
#553=LINE('',#3535,#792);
#554=LINE('',#3553,#793);
#555=LINE('',#3561,#794);
#556=LINE('',#3563,#795);
#557=LINE('',#3564,#796);
#558=LINE('',#3582,#797);
#559=LINE('',#3605,#798);
#560=LINE('',#3613,#799);
#561=LINE('',#3615,#800);
#562=LINE('',#3616,#801);
#563=LINE('',#3619,#802);
#564=LINE('',#3621,#803);
#565=LINE('',#3622,#804);
#566=LINE('',#3640,#805);
#567=LINE('',#3663,#806);
#568=LINE('',#3671,#807);
#569=LINE('',#3673,#808);
#570=LINE('',#3674,#809);
#571=LINE('',#3692,#810);
#572=LINE('',#3715,#811);
#573=LINE('',#3723,#812);
#574=LINE('',#3725,#813);
#575=LINE('',#3726,#814);
#576=LINE('',#3728,#815);
#577=LINE('',#3729,#816);
#578=LINE('',#3749,#817);
#579=LINE('',#3756,#818);
#580=LINE('',#3774,#819);
#581=LINE('',#3797,#820);
#582=LINE('',#3805,#821);
#583=LINE('',#3807,#822);
#584=LINE('',#3808,#823);
#585=LINE('',#3811,#824);
#586=LINE('',#3813,#825);
#587=LINE('',#3814,#826);
#588=LINE('',#3832,#827);
#589=LINE('',#3855,#828);
#590=LINE('',#3878,#829);
#591=LINE('',#3886,#830);
#592=LINE('',#3888,#831);
#593=LINE('',#3889,#832);
#594=LINE('',#3892,#833);
#595=LINE('',#3894,#834);
#596=LINE('',#3895,#835);
#597=LINE('',#3913,#836);
#598=LINE('',#3936,#837);
#599=LINE('',#3959,#838);
#600=LINE('',#3967,#839);
#601=LINE('',#3969,#840);
#602=LINE('',#3970,#841);
#603=LINE('',#3973,#842);
#604=LINE('',#3975,#843);
#605=LINE('',#3976,#844);
#606=LINE('',#3994,#845);
#607=LINE('',#4017,#846);
#608=LINE('',#4040,#847);
#609=LINE('',#4048,#848);
#610=LINE('',#4050,#849);
#611=LINE('',#4051,#850);
#612=LINE('',#4053,#851);
#613=LINE('',#4054,#852);
#614=LINE('',#4059,#853);
#615=LINE('',#4061,#854);
#616=LINE('',#4063,#855);
#617=LINE('',#4065,#856);
#618=LINE('',#4067,#857);
#619=LINE('',#4069,#858);
#620=LINE('',#4071,#859);
#621=LINE('',#4072,#860);
#622=LINE('',#4086,#861);
#623=LINE('',#4089,#862);
#624=LINE('',#4092,#863);
#625=LINE('',#4094,#864);
#626=LINE('',#4095,#865);
#627=LINE('',#4101,#866);
#628=LINE('',#4104,#867);
#629=LINE('',#4106,#868);
#630=LINE('',#4107,#869);
#631=LINE('',#4110,#870);
#632=LINE('',#4112,#871);
#633=LINE('',#4113,#872);
#634=LINE('',#4116,#873);
#635=LINE('',#4117,#874);
#636=LINE('',#4119,#875);
#637=LINE('',#4120,#876);
#638=LINE('',#4123,#877);
#639=LINE('',#4128,#878);
#640=LINE('',#4133,#879);
#641=LINE('',#4138,#880);
#642=LINE('',#4146,#881);
#643=LINE('',#4149,#882);
#644=LINE('',#4154,#883);
#645=LINE('',#4161,#884);
#646=LINE('',#4164,#885);
#647=LINE('',#4170,#886);
#648=LINE('',#4173,#887);
#649=LINE('',#4179,#888);
#650=LINE('',#4182,#889);
#651=LINE('',#4187,#890);
#652=LINE('',#4194,#891);
#653=LINE('',#4197,#892);
#654=LINE('',#4202,#893);
#655=LINE('',#4208,#894);
#656=LINE('',#4215,#895);
#657=LINE('',#4218,#896);
#658=LINE('',#4224,#897);
#659=LINE('',#4227,#898);
#660=LINE('',#4233,#899);
#661=LINE('',#4236,#900);
#662=LINE('',#4241,#901);
#663=LINE('',#4248,#902);
#664=LINE('',#4251,#903);
#665=LINE('',#4253,#904);
#666=LINE('',#4254,#905);
#667=LINE('',#4256,#906);
#668=LINE('',#4257,#907);
#669=LINE('',#4259,#908);
#670=LINE('',#4260,#909);
#671=LINE('',#4263,#910);
#672=LINE('',#4265,#911);
#673=LINE('',#4266,#912);
#674=LINE('',#4268,#913);
#675=LINE('',#4269,#914);
#676=LINE('',#4271,#915);
#677=LINE('',#4272,#916);
#678=LINE('',#4275,#917);
#679=LINE('',#4277,#918);
#680=LINE('',#4278,#919);
#681=LINE('',#4280,#920);
#682=LINE('',#4281,#921);
#683=LINE('',#4284,#922);
#684=LINE('',#4286,#923);
#685=LINE('',#4287,#924);
#686=LINE('',#4289,#925);
#687=LINE('',#4290,#926);
#688=LINE('',#4291,#927);
#689=LINE('',#4294,#928);
#690=LINE('',#4296,#929);
#691=LINE('',#4297,#930);
#692=LINE('',#4300,#931);
#693=LINE('',#4302,#932);
#694=LINE('',#4304,#933);
#695=LINE('',#4306,#934);
#696=LINE('',#4308,#935);
#697=LINE('',#4310,#936);
#698=LINE('',#4311,#937);
#699=LINE('',#4313,#938);
#700=LINE('',#4315,#939);
#701=LINE('',#4316,#940);
#702=LINE('',#4318,#941);
#703=LINE('',#4320,#942);
#704=LINE('',#4321,#943);
#705=LINE('',#4332,#944);
#706=LINE('',#4333,#945);
#707=LINE('',#4336,#946);
#708=LINE('',#4337,#947);
#709=LINE('',#4340,#948);
#710=LINE('',#4342,#949);
#711=LINE('',#4343,#950);
#712=LINE('',#4344,#951);
#713=LINE('',#4354,#952);
#714=LINE('',#4355,#953);
#715=LINE('',#4357,#954);
#716=LINE('',#4359,#955);
#717=LINE('',#4361,#956);
#718=LINE('',#4363,#957);
#719=LINE('',#4364,#958);
#720=LINE('',#4368,#959);
#721=LINE('',#4373,#960);
#722=LINE('',#4375,#961);
#723=LINE('',#4377,#962);
#724=LINE('',#4379,#963);
#725=VECTOR('',#2637,10.);
#726=VECTOR('',#2638,10.);
#727=VECTOR('',#2639,10.);
#728=VECTOR('',#2640,10.);
#729=VECTOR('',#2643,10.);
#730=VECTOR('',#2644,10.);
#731=VECTOR('',#2645,10.);
#732=VECTOR('',#2648,10.);
#733=VECTOR('',#2649,10.);
#734=VECTOR('',#2650,10.);
#735=VECTOR('',#2651,10.);
#736=VECTOR('',#2652,10.);
#737=VECTOR('',#2653,10.);
#738=VECTOR('',#2656,10.);
#739=VECTOR('',#2657,10.);
#740=VECTOR('',#2658,10.);
#741=VECTOR('',#2661,10.);
#742=VECTOR('',#2662,10.);
#743=VECTOR('',#2663,10.);
#744=VECTOR('',#2664,10.);
#745=VECTOR('',#2665,10.);
#746=VECTOR('',#2668,10.);
#747=VECTOR('',#2669,10.);
#748=VECTOR('',#2670,10.);
#749=VECTOR('',#2673,10.);
#750=VECTOR('',#2674,10.);
#751=VECTOR('',#2681,0.9);
#752=VECTOR('',#2686,10.);
#753=VECTOR('',#2687,10.);
#754=VECTOR('',#2688,10.);
#755=VECTOR('',#2689,10.);
#756=VECTOR('',#2692,10.);
#757=VECTOR('',#2693,10.);
#758=VECTOR('',#2694,10.);
#759=VECTOR('',#2697,10.);
#760=VECTOR('',#2698,10.);
#761=VECTOR('',#2699,10.);
#762=VECTOR('',#2702,10.);
#763=VECTOR('',#2703,10.);
#764=VECTOR('',#2704,10.);
#765=VECTOR('',#2707,10.);
#766=VECTOR('',#2708,10.);
#767=VECTOR('',#2709,10.);
#768=VECTOR('',#2712,10.);
#769=VECTOR('',#2713,10.);
#770=VECTOR('',#2714,10.);
#771=VECTOR('',#2719,10.);
#772=VECTOR('',#2724,10.);
#773=VECTOR('',#2725,10.);
#774=VECTOR('',#2726,10.);
#775=VECTOR('',#2729,10.);
#776=VECTOR('',#2730,10.);
#777=VECTOR('',#2731,10.);
#778=VECTOR('',#2734,10.);
#779=VECTOR('',#2735,10.);
#780=VECTOR('',#2736,10.);
#781=VECTOR('',#2739,10.);
#782=VECTOR('',#2740,10.);
#783=VECTOR('',#2741,10.);
#784=VECTOR('',#2744,10.);
#785=VECTOR('',#2745,10.);
#786=VECTOR('',#2746,10.);
#787=VECTOR('',#2749,10.);
#788=VECTOR('',#2750,10.);
#789=VECTOR('',#2751,10.);
#790=VECTOR('',#2764,0.45);
#791=VECTOR('',#2769,10.);
#792=VECTOR('',#2770,10.);
#793=VECTOR('',#2771,10.);
#794=VECTOR('',#2774,10.);
#795=VECTOR('',#2775,10.);
#796=VECTOR('',#2776,10.);
#797=VECTOR('',#2777,10.);
#798=VECTOR('',#2778,10.);
#799=VECTOR('',#2781,10.);
#800=VECTOR('',#2782,10.);
#801=VECTOR('',#2783,10.);
#802=VECTOR('',#2786,10.);
#803=VECTOR('',#2787,10.);
#804=VECTOR('',#2788,10.);
#805=VECTOR('',#2789,10.);
#806=VECTOR('',#2790,10.);
#807=VECTOR('',#2793,10.);
#808=VECTOR('',#2794,10.);
#809=VECTOR('',#2795,10.);
#810=VECTOR('',#2796,10.);
#811=VECTOR('',#2797,10.);
#812=VECTOR('',#2800,10.);
#813=VECTOR('',#2801,10.);
#814=VECTOR('',#2802,10.);
#815=VECTOR('',#2805,10.);
#816=VECTOR('',#2806,10.);
#817=VECTOR('',#2809,10.);
#818=VECTOR('',#2810,10.);
#819=VECTOR('',#2811,10.);
#820=VECTOR('',#2812,10.);
#821=VECTOR('',#2815,10.);
#822=VECTOR('',#2816,10.);
#823=VECTOR('',#2817,10.);
#824=VECTOR('',#2820,10.);
#825=VECTOR('',#2821,10.);
#826=VECTOR('',#2822,10.);
#827=VECTOR('',#2823,10.);
#828=VECTOR('',#2824,10.);
#829=VECTOR('',#2825,10.);
#830=VECTOR('',#2828,10.);
#831=VECTOR('',#2829,10.);
#832=VECTOR('',#2830,10.);
#833=VECTOR('',#2833,10.);
#834=VECTOR('',#2834,10.);
#835=VECTOR('',#2835,10.);
#836=VECTOR('',#2836,10.);
#837=VECTOR('',#2837,10.);
#838=VECTOR('',#2838,10.);
#839=VECTOR('',#2841,10.);
#840=VECTOR('',#2842,10.);
#841=VECTOR('',#2843,10.);
#842=VECTOR('',#2846,10.);
#843=VECTOR('',#2847,10.);
#844=VECTOR('',#2848,10.);
#845=VECTOR('',#2849,10.);
#846=VECTOR('',#2850,10.);
#847=VECTOR('',#2851,10.);
#848=VECTOR('',#2854,10.);
#849=VECTOR('',#2855,10.);
#850=VECTOR('',#2856,10.);
#851=VECTOR('',#2859,10.);
#852=VECTOR('',#2860,10.);
#853=VECTOR('',#2865,10.);
#854=VECTOR('',#2866,10.);
#855=VECTOR('',#2867,10.);
#856=VECTOR('',#2868,10.);
#857=VECTOR('',#2869,10.);
#858=VECTOR('',#2870,10.);
#859=VECTOR('',#2871,10.);
#860=VECTOR('',#2872,10.);
#861=VECTOR('',#2885,10.);
#862=VECTOR('',#2888,10.);
#863=VECTOR('',#2891,10.);
#864=VECTOR('',#2892,10.);
#865=VECTOR('',#2893,10.);
#866=VECTOR('',#2898,10.);
#867=VECTOR('',#2901,10.);
#868=VECTOR('',#2904,10.);
#869=VECTOR('',#2905,10.);
#870=VECTOR('',#2908,10.);
#871=VECTOR('',#2909,10.);
#872=VECTOR('',#2910,10.);
#873=VECTOR('',#2913,10.);
#874=VECTOR('',#2914,10.);
#875=VECTOR('',#2915,10.);
#876=VECTOR('',#2916,10.);
#877=VECTOR('',#2919,1.5);
#878=VECTOR('',#2926,1.5);
#879=VECTOR('',#2933,1.5);
#880=VECTOR('',#2940,1.5);
#881=VECTOR('',#2949,10.);
#882=VECTOR('',#2952,10.);
#883=VECTOR('',#2957,0.635);
#884=VECTOR('',#2964,10.);
#885=VECTOR('',#2967,10.);
#886=VECTOR('',#2972,10.);
#887=VECTOR('',#2975,10.);
#888=VECTOR('',#2980,10.);
#889=VECTOR('',#2983,10.);
#890=VECTOR('',#2988,0.635);
#891=VECTOR('',#2995,10.);
#892=VECTOR('',#2998,10.);
#893=VECTOR('',#3003,0.635);
#894=VECTOR('',#3010,0.635);
#895=VECTOR('',#3017,10.);
#896=VECTOR('',#3020,10.);
#897=VECTOR('',#3025,10.);
#898=VECTOR('',#3028,10.);
#899=VECTOR('',#3033,10.);
#900=VECTOR('',#3036,10.);
#901=VECTOR('',#3041,0.635);
#902=VECTOR('',#3048,10.);
#903=VECTOR('',#3051,10.);
#904=VECTOR('',#3054,10.);
#905=VECTOR('',#3055,10.);
#906=VECTOR('',#3058,10.);
#907=VECTOR('',#3059,10.);
#908=VECTOR('',#3062,10.);
#909=VECTOR('',#3063,10.);
#910=VECTOR('',#3066,10.);
#911=VECTOR('',#3067,10.);
#912=VECTOR('',#3068,10.);
#913=VECTOR('',#3071,10.);
#914=VECTOR('',#3072,10.);
#915=VECTOR('',#3075,10.);
#916=VECTOR('',#3076,10.);
#917=VECTOR('',#3079,10.);
#918=VECTOR('',#3080,10.);
#919=VECTOR('',#3081,10.);
#920=VECTOR('',#3084,10.);
#921=VECTOR('',#3085,10.);
#922=VECTOR('',#3088,10.);
#923=VECTOR('',#3089,10.);
#924=VECTOR('',#3090,10.);
#925=VECTOR('',#3093,10.);
#926=VECTOR('',#3094,10.);
#927=VECTOR('',#3095,10.);
#928=VECTOR('',#3098,10.);
#929=VECTOR('',#3099,10.);
#930=VECTOR('',#3100,10.);
#931=VECTOR('',#3103,10.);
#932=VECTOR('',#3104,10.);
#933=VECTOR('',#3105,10.);
#934=VECTOR('',#3106,10.);
#935=VECTOR('',#3107,10.);
#936=VECTOR('',#3108,10.);
#937=VECTOR('',#3109,10.);
#938=VECTOR('',#3110,10.);
#939=VECTOR('',#3111,10.);
#940=VECTOR('',#3112,10.);
#941=VECTOR('',#3113,10.);
#942=VECTOR('',#3114,10.);
#943=VECTOR('',#3115,10.);
#944=VECTOR('',#3126,10.);
#945=VECTOR('',#3127,10.);
#946=VECTOR('',#3130,10.);
#947=VECTOR('',#3131,10.);
#948=VECTOR('',#3134,10.);
#949=VECTOR('',#3135,10.);
#950=VECTOR('',#3136,10.);
#951=VECTOR('',#3137,10.);
#952=VECTOR('',#3148,10.);
#953=VECTOR('',#3149,10.);
#954=VECTOR('',#3152,10.);
#955=VECTOR('',#3155,10.);
#956=VECTOR('',#3158,10.);
#957=VECTOR('',#3161,10.);
#958=VECTOR('',#3162,10.);
#959=VECTOR('',#3169,10.);
#960=VECTOR('',#3178,1.05);
#961=VECTOR('',#3181,1.05);
#962=VECTOR('',#3184,1.05);
#963=VECTOR('',#3187,1.05);
#964=B_SPLINE_CURVE_WITH_KNOTS('',3,(#3203,#3204,#3205,#3206,#3207),
 .UNSPECIFIED.,.F.,.F.,(4,1,4),(0.,0.00231948744428064,0.0046702384206762),
 .UNSPECIFIED.);
#965=B_SPLINE_CURVE_WITH_KNOTS('',3,(#3211,#3212,#3213,#3214,#3215),
 .UNSPECIFIED.,.F.,.F.,(4,1,4),(0.,0.00231948744428064,0.0046702384206762),
 .UNSPECIFIED.);
#966=B_SPLINE_CURVE_WITH_KNOTS('',3,(#3228,#3229,#3230,#3231,#3232),
 .UNSPECIFIED.,.F.,.F.,(4,1,4),(0.,0.00608776053212675,0.0121186267526949),
 .UNSPECIFIED.);
#967=B_SPLINE_CURVE_WITH_KNOTS('',3,(#3235,#3236,#3237,#3238,#3239),
 .UNSPECIFIED.,.F.,.F.,(4,1,4),(0.,0.00608776053212675,0.0121186267526949),
 .UNSPECIFIED.);
#968=B_SPLINE_CURVE_WITH_KNOTS('',3,(#3251,#3252,#3253,#3254,#3255),
 .UNSPECIFIED.,.F.,.F.,(4,1,4),(0.,0.00364848760516662,0.00738024077555816),
 .UNSPECIFIED.);
#969=B_SPLINE_CURVE_WITH_KNOTS('',3,(#3258,#3259,#3260,#3261,#3262),
 .UNSPECIFIED.,.F.,.F.,(4,1,4),(0.,0.00364848760516662,0.00738024077555816),
 .UNSPECIFIED.);
#970=B_SPLINE_CURVE_WITH_KNOTS('',3,(#3286,#3287,#3288,#3289,#3290),
 .UNSPECIFIED.,.F.,.F.,(4,1,4),(0.,0.0033471106085097,0.00576472837159059),
 .UNSPECIFIED.);
#971=B_SPLINE_CURVE_WITH_KNOTS('',3,(#3293,#3294,#3295,#3296,#3297),
 .UNSPECIFIED.,.F.,.F.,(4,1,4),(0.,0.0033471106085097,0.00576472837159059),
 .UNSPECIFIED.);
#972=B_SPLINE_CURVE_WITH_KNOTS('',3,(#3309,#3310,#3311,#3312,#3313),
 .UNSPECIFIED.,.F.,.F.,(4,1,4),(0.,0.00602383096871349,0.0120485548920495),
 .UNSPECIFIED.);
#973=B_SPLINE_CURVE_WITH_KNOTS('',3,(#3316,#3317,#3318,#3319,#3320),
 .UNSPECIFIED.,.F.,.F.,(4,1,4),(0.,0.00602383096871349,0.0120485548920495),
 .UNSPECIFIED.);
#974=B_SPLINE_CURVE_WITH_KNOTS('',3,(#3332,#3333,#3334,#3335,#3336),
 .UNSPECIFIED.,.F.,.F.,(4,1,4),(0.,0.00230737102764894,0.00465645972607051),
 .UNSPECIFIED.);
#975=B_SPLINE_CURVE_WITH_KNOTS('',3,(#3339,#3340,#3341,#3342,#3343),
 .UNSPECIFIED.,.F.,.F.,(4,1,4),(0.,0.00230737102764894,0.00465645972607051),
 .UNSPECIFIED.);
#976=B_SPLINE_CURVE_WITH_KNOTS('',3,(#3367,#3368,#3369,#3370,#3371),
 .UNSPECIFIED.,.F.,.F.,(4,1,4),(0.,0.00601072565072751,0.01203299608591),
 .UNSPECIFIED.);
#977=B_SPLINE_CURVE_WITH_KNOTS('',3,(#3374,#3375,#3376,#3377,#3378),
 .UNSPECIFIED.,.F.,.F.,(4,1,4),(0.,0.00601072565072751,0.01203299608591),
 .UNSPECIFIED.);
#978=B_SPLINE_CURVE_WITH_KNOTS('',3,(#3390,#3391,#3392,#3393,#3394),
 .UNSPECIFIED.,.F.,.F.,(4,1,4),(0.,0.00602940349912852,0.0121041472053092),
 .UNSPECIFIED.);
#979=B_SPLINE_CURVE_WITH_KNOTS('',3,(#3397,#3398,#3399,#3400,#3401),
 .UNSPECIFIED.,.F.,.F.,(4,1,4),(0.,0.00602940349912852,0.0121041472053092),
 .UNSPECIFIED.);
#980=B_SPLINE_CURVE_WITH_KNOTS('',3,(#3522,#3523,#3524,#3525,#3526),
 .UNSPECIFIED.,.F.,.F.,(4,1,4),(0.,0.00216750171330955,0.00477163257386748),
 .UNSPECIFIED.);
#981=B_SPLINE_CURVE_WITH_KNOTS('',3,(#3530,#3531,#3532,#3533,#3534),
 .UNSPECIFIED.,.F.,.F.,(4,1,4),(0.,0.00216750171330955,0.00477163257386748),
 .UNSPECIFIED.);
#982=B_SPLINE_CURVE_WITH_KNOTS('',3,(#3547,#3548,#3549,#3550,#3551),
 .UNSPECIFIED.,.F.,.F.,(4,1,4),(0.,0.00608097902706315,0.012049957456372),
 .UNSPECIFIED.);
#983=B_SPLINE_CURVE_WITH_KNOTS('',3,(#3554,#3555,#3556,#3557,#3558),
 .UNSPECIFIED.,.F.,.F.,(4,1,4),(0.,0.00608097902706315,0.012049957456372),
 .UNSPECIFIED.);
#984=B_SPLINE_CURVE_WITH_KNOTS('',3,(#3576,#3577,#3578,#3579,#3580),
 .UNSPECIFIED.,.F.,.F.,(4,1,4),(0.,0.0060108342739487,0.0120341157190397),
 .UNSPECIFIED.);
#985=B_SPLINE_CURVE_WITH_KNOTS('',3,(#3583,#3584,#3585,#3586,#3587),
 .UNSPECIFIED.,.F.,.F.,(4,1,4),(0.,0.0060108342739487,0.0120341157190397),
 .UNSPECIFIED.);
#986=B_SPLINE_CURVE_WITH_KNOTS('',3,(#3599,#3600,#3601,#3602,#3603),
 .UNSPECIFIED.,.F.,.F.,(4,1,4),(0.,0.00602328144509098,0.0120341086526295),
 .UNSPECIFIED.);
#987=B_SPLINE_CURVE_WITH_KNOTS('',3,(#3606,#3607,#3608,#3609,#3610),
 .UNSPECIFIED.,.F.,.F.,(4,1,4),(0.,0.00602328144509098,0.0120341086526295),
 .UNSPECIFIED.);
#988=B_SPLINE_CURVE_WITH_KNOTS('',3,(#3634,#3635,#3636,#3637,#3638),
 .UNSPECIFIED.,.F.,.F.,(4,1,4),(0.,0.00211488441726305,0.00464719853751119),
 .UNSPECIFIED.);
#989=B_SPLINE_CURVE_WITH_KNOTS('',3,(#3641,#3642,#3643,#3644,#3645),
 .UNSPECIFIED.,.F.,.F.,(4,1,4),(0.,0.00211488441726305,0.00464719853751119),
 .UNSPECIFIED.);
#990=B_SPLINE_CURVE_WITH_KNOTS('',3,(#3657,#3658,#3659,#3660,#3661),
 .UNSPECIFIED.,.F.,.F.,(4,1,4),(0.,0.0060248346498285,0.0120496622314152),
 .UNSPECIFIED.);
#991=B_SPLINE_CURVE_WITH_KNOTS('',3,(#3664,#3665,#3666,#3667,#3668),
 .UNSPECIFIED.,.F.,.F.,(4,1,4),(0.,0.0060248346498285,0.0120496622314152),
 .UNSPECIFIED.);
#992=B_SPLINE_CURVE_WITH_KNOTS('',3,(#3686,#3687,#3688,#3689,#3690),
 .UNSPECIFIED.,.F.,.F.,(4,1,4),(0.,0.0060178894921096,0.0121042224858654),
 .UNSPECIFIED.);
#993=B_SPLINE_CURVE_WITH_KNOTS('',3,(#3693,#3694,#3695,#3696,#3697),
 .UNSPECIFIED.,.F.,.F.,(4,1,4),(0.,0.0060178894921096,0.0121042224858654),
 .UNSPECIFIED.);
#994=B_SPLINE_CURVE_WITH_KNOTS('',3,(#3709,#3710,#3711,#3712,#3713),
 .UNSPECIFIED.,.F.,.F.,(4,1,4),(0.,0.00608633299375582,0.0121042224858654),
 .UNSPECIFIED.);
#995=B_SPLINE_CURVE_WITH_KNOTS('',3,(#3716,#3717,#3718,#3719,#3720),
 .UNSPECIFIED.,.F.,.F.,(4,1,4),(0.,0.00608633299375582,0.0121042224858654),
 .UNSPECIFIED.);
#996=B_SPLINE_CURVE_WITH_KNOTS('',3,(#3743,#3744,#3745,#3746,#3747),
 .UNSPECIFIED.,.F.,.F.,(4,1,4),(0.,0.00243710944498123,0.00548032491155157),
 .UNSPECIFIED.);
#997=B_SPLINE_CURVE_WITH_KNOTS('',3,(#3751,#3752,#3753,#3754,#3755),
 .UNSPECIFIED.,.F.,.F.,(4,1,4),(0.,0.00243710944498123,0.00548032491155157),
 .UNSPECIFIED.);
#998=B_SPLINE_CURVE_WITH_KNOTS('',3,(#3768,#3769,#3770,#3771,#3772),
 .UNSPECIFIED.,.F.,.F.,(4,1,4),(0.,0.00608777468503805,0.0121186409056062),
 .UNSPECIFIED.);
#999=B_SPLINE_CURVE_WITH_KNOTS('',3,(#3775,#3776,#3777,#3778,#3779),
 .UNSPECIFIED.,.F.,.F.,(4,1,4),(0.,0.00608777468503805,0.0121186409056062),
 .UNSPECIFIED.);
#1000=B_SPLINE_CURVE_WITH_KNOTS('',3,(#3791,#3792,#3793,#3794,#3795),
 .UNSPECIFIED.,.F.,.F.,(4,1,4),(0.,0.00369789411879557,0.00746540079432051),
 .UNSPECIFIED.);
#1001=B_SPLINE_CURVE_WITH_KNOTS('',3,(#3798,#3799,#3800,#3801,#3802),
 .UNSPECIFIED.,.F.,.F.,(4,1,4),(0.,0.00369789411879557,0.00746540079432051),
 .UNSPECIFIED.);
#1002=B_SPLINE_CURVE_WITH_KNOTS('',3,(#3826,#3827,#3828,#3829,#3830),
 .UNSPECIFIED.,.F.,.F.,(4,1,4),(0.,0.00380108691309775,0.00750666926474922),
 .UNSPECIFIED.);
#1003=B_SPLINE_CURVE_WITH_KNOTS('',3,(#3833,#3834,#3835,#3836,#3837),
 .UNSPECIFIED.,.F.,.F.,(4,1,4),(0.,0.00380108691309775,0.00750666926474922),
 .UNSPECIFIED.);
#1004=B_SPLINE_CURVE_WITH_KNOTS('',3,(#3849,#3850,#3851,#3852,#3853),
 .UNSPECIFIED.,.F.,.F.,(4,1,4),(0.,0.00602383096871349,0.0120485548920495),
 .UNSPECIFIED.);
#1005=B_SPLINE_CURVE_WITH_KNOTS('',3,(#3856,#3857,#3858,#3859,#3860),
 .UNSPECIFIED.,.F.,.F.,(4,1,4),(0.,0.00602383096871349,0.0120485548920495),
 .UNSPECIFIED.);
#1006=B_SPLINE_CURVE_WITH_KNOTS('',3,(#3872,#3873,#3874,#3875,#3876),
 .UNSPECIFIED.,.F.,.F.,(4,1,4),(0.,0.00299300890758403,0.00546039434065444),
 .UNSPECIFIED.);
#1007=B_SPLINE_CURVE_WITH_KNOTS('',3,(#3879,#3880,#3881,#3882,#3883),
 .UNSPECIFIED.,.F.,.F.,(4,1,4),(0.,0.00299300890758403,0.00546039434065444),
 .UNSPECIFIED.);
#1008=B_SPLINE_CURVE_WITH_KNOTS('',3,(#3907,#3908,#3909,#3910,#3911),
 .UNSPECIFIED.,.F.,.F.,(4,1,4),(0.,0.00245418679373582,0.00546407509013739),
 .UNSPECIFIED.);
#1009=B_SPLINE_CURVE_WITH_KNOTS('',3,(#3914,#3915,#3916,#3917,#3918),
 .UNSPECIFIED.,.F.,.F.,(4,1,4),(0.,0.00245418679373582,0.00546407509013739),
 .UNSPECIFIED.);
#1010=B_SPLINE_CURVE_WITH_KNOTS('',3,(#3930,#3931,#3932,#3933,#3934),
 .UNSPECIFIED.,.F.,.F.,(4,1,4),(0.,0.00602472274484346,0.0120485478236835),
 .UNSPECIFIED.);
#1011=B_SPLINE_CURVE_WITH_KNOTS('',3,(#3937,#3938,#3939,#3940,#3941),
 .UNSPECIFIED.,.F.,.F.,(4,1,4),(0.,0.00602472274484346,0.0120485478236835),
 .UNSPECIFIED.);
#1012=B_SPLINE_CURVE_WITH_KNOTS('',3,(#3953,#3954,#3955,#3956,#3957),
 .UNSPECIFIED.,.F.,.F.,(4,1,4),(0.,0.00368452779518499,0.00749296657337094),
 .UNSPECIFIED.);
#1013=B_SPLINE_CURVE_WITH_KNOTS('',3,(#3960,#3961,#3962,#3963,#3964),
 .UNSPECIFIED.,.F.,.F.,(4,1,4),(0.,0.00368452779518499,0.00749296657337094),
 .UNSPECIFIED.);
#1014=B_SPLINE_CURVE_WITH_KNOTS('',3,(#3988,#3989,#3990,#3991,#3992),
 .UNSPECIFIED.,.F.,.F.,(4,1,4),(0.,0.00377484959064082,0.00745166070616623),
 .UNSPECIFIED.);
#1015=B_SPLINE_CURVE_WITH_KNOTS('',3,(#3995,#3996,#3997,#3998,#3999),
 .UNSPECIFIED.,.F.,.F.,(4,1,4),(0.,0.00377484959064082,0.00745166070616623),
 .UNSPECIFIED.);
#1016=B_SPLINE_CURVE_WITH_KNOTS('',3,(#4011,#4012,#4013,#4014,#4015),
 .UNSPECIFIED.,.F.,.F.,(4,1,4),(0.,0.00603086392284197,0.0121186267862685),
 .UNSPECIFIED.);
#1017=B_SPLINE_CURVE_WITH_KNOTS('',3,(#4018,#4019,#4020,#4021,#4022),
 .UNSPECIFIED.,.F.,.F.,(4,1,4),(0.,0.00603086392284197,0.0121186267862685),
 .UNSPECIFIED.);
#1018=B_SPLINE_CURVE_WITH_KNOTS('',3,(#4034,#4035,#4036,#4037,#4038),
 .UNSPECIFIED.,.F.,.F.,(4,1,4),(0.,0.0030505700790936,0.00547320175870237),
 .UNSPECIFIED.);
#1019=B_SPLINE_CURVE_WITH_KNOTS('',3,(#4041,#4042,#4043,#4044,#4045),
 .UNSPECIFIED.,.F.,.F.,(4,1,4),(0.,0.0030505700790936,0.00547320175870237),
 .UNSPECIFIED.);
#1020=VERTEX_POINT('',#3201);
#1021=VERTEX_POINT('',#3202);
#1022=VERTEX_POINT('',#3208);
#1023=VERTEX_POINT('',#3210);
#1024=VERTEX_POINT('',#3227);
#1025=VERTEX_POINT('',#3233);
#1026=VERTEX_POINT('',#3250);
#1027=VERTEX_POINT('',#3256);
#1028=VERTEX_POINT('',#3264);
#1029=VERTEX_POINT('',#3266);
#1030=VERTEX_POINT('',#3270);
#1031=VERTEX_POINT('',#3272);
#1032=VERTEX_POINT('',#3285);
#1033=VERTEX_POINT('',#3291);
#1034=VERTEX_POINT('',#3308);
#1035=VERTEX_POINT('',#3314);
#1036=VERTEX_POINT('',#3331);
#1037=VERTEX_POINT('',#3337);
#1038=VERTEX_POINT('',#3345);
#1039=VERTEX_POINT('',#3347);
#1040=VERTEX_POINT('',#3351);
#1041=VERTEX_POINT('',#3353);
#1042=VERTEX_POINT('',#3366);
#1043=VERTEX_POINT('',#3372);
#1044=VERTEX_POINT('',#3389);
#1045=VERTEX_POINT('',#3395);
#1046=VERTEX_POINT('',#3403);
#1047=VERTEX_POINT('',#3405);
#1048=VERTEX_POINT('',#3413);
#1049=VERTEX_POINT('',#3415);
#1050=VERTEX_POINT('',#3419);
#1051=VERTEX_POINT('',#3420);
#1052=VERTEX_POINT('',#3422);
#1053=VERTEX_POINT('',#3424);
#1054=VERTEX_POINT('',#3428);
#1055=VERTEX_POINT('',#3430);
#1056=VERTEX_POINT('',#3434);
#1057=VERTEX_POINT('',#3436);
#1058=VERTEX_POINT('',#3440);
#1059=VERTEX_POINT('',#3442);
#1060=VERTEX_POINT('',#3446);
#1061=VERTEX_POINT('',#3448);
#1062=VERTEX_POINT('',#3452);
#1063=VERTEX_POINT('',#3454);
#1064=VERTEX_POINT('',#3458);
#1065=VERTEX_POINT('',#3460);
#1066=VERTEX_POINT('',#3464);
#1067=VERTEX_POINT('',#3466);
#1068=VERTEX_POINT('',#3470);
#1069=VERTEX_POINT('',#3472);
#1070=VERTEX_POINT('',#3476);
#1071=VERTEX_POINT('',#3478);
#1072=VERTEX_POINT('',#3482);
#1073=VERTEX_POINT('',#3484);
#1074=VERTEX_POINT('',#3488);
#1075=VERTEX_POINT('',#3490);
#1076=VERTEX_POINT('',#3494);
#1077=VERTEX_POINT('',#3496);
#1078=VERTEX_POINT('',#3504);
#1079=VERTEX_POINT('',#3506);
#1080=VERTEX_POINT('',#3520);
#1081=VERTEX_POINT('',#3521);
#1082=VERTEX_POINT('',#3527);
#1083=VERTEX_POINT('',#3529);
#1084=VERTEX_POINT('',#3546);
#1085=VERTEX_POINT('',#3552);
#1086=VERTEX_POINT('',#3560);
#1087=VERTEX_POINT('',#3562);
#1088=VERTEX_POINT('',#3575);
#1089=VERTEX_POINT('',#3581);
#1090=VERTEX_POINT('',#3598);
#1091=VERTEX_POINT('',#3604);
#1092=VERTEX_POINT('',#3612);
#1093=VERTEX_POINT('',#3614);
#1094=VERTEX_POINT('',#3618);
#1095=VERTEX_POINT('',#3620);
#1096=VERTEX_POINT('',#3633);
#1097=VERTEX_POINT('',#3639);
#1098=VERTEX_POINT('',#3656);
#1099=VERTEX_POINT('',#3662);
#1100=VERTEX_POINT('',#3670);
#1101=VERTEX_POINT('',#3672);
#1102=VERTEX_POINT('',#3685);
#1103=VERTEX_POINT('',#3691);
#1104=VERTEX_POINT('',#3708);
#1105=VERTEX_POINT('',#3714);
#1106=VERTEX_POINT('',#3722);
#1107=VERTEX_POINT('',#3724);
#1108=VERTEX_POINT('',#3741);
#1109=VERTEX_POINT('',#3742);
#1110=VERTEX_POINT('',#3748);
#1111=VERTEX_POINT('',#3750);
#1112=VERTEX_POINT('',#3767);
#1113=VERTEX_POINT('',#3773);
#1114=VERTEX_POINT('',#3790);
#1115=VERTEX_POINT('',#3796);
#1116=VERTEX_POINT('',#3804);
#1117=VERTEX_POINT('',#3806);
#1118=VERTEX_POINT('',#3810);
#1119=VERTEX_POINT('',#3812);
#1120=VERTEX_POINT('',#3825);
#1121=VERTEX_POINT('',#3831);
#1122=VERTEX_POINT('',#3848);
#1123=VERTEX_POINT('',#3854);
#1124=VERTEX_POINT('',#3871);
#1125=VERTEX_POINT('',#3877);
#1126=VERTEX_POINT('',#3885);
#1127=VERTEX_POINT('',#3887);
#1128=VERTEX_POINT('',#3891);
#1129=VERTEX_POINT('',#3893);
#1130=VERTEX_POINT('',#3906);
#1131=VERTEX_POINT('',#3912);
#1132=VERTEX_POINT('',#3929);
#1133=VERTEX_POINT('',#3935);
#1134=VERTEX_POINT('',#3952);
#1135=VERTEX_POINT('',#3958);
#1136=VERTEX_POINT('',#3966);
#1137=VERTEX_POINT('',#3968);
#1138=VERTEX_POINT('',#3972);
#1139=VERTEX_POINT('',#3974);
#1140=VERTEX_POINT('',#3987);
#1141=VERTEX_POINT('',#3993);
#1142=VERTEX_POINT('',#4010);
#1143=VERTEX_POINT('',#4016);
#1144=VERTEX_POINT('',#4033);
#1145=VERTEX_POINT('',#4039);
#1146=VERTEX_POINT('',#4047);
#1147=VERTEX_POINT('',#4049);
#1148=VERTEX_POINT('',#4057);
#1149=VERTEX_POINT('',#4058);
#1150=VERTEX_POINT('',#4060);
#1151=VERTEX_POINT('',#4062);
#1152=VERTEX_POINT('',#4064);
#1153=VERTEX_POINT('',#4066);
#1154=VERTEX_POINT('',#4068);
#1155=VERTEX_POINT('',#4070);
#1156=VERTEX_POINT('',#4073);
#1157=VERTEX_POINT('',#4075);
#1158=VERTEX_POINT('',#4077);
#1159=VERTEX_POINT('',#4079);
#1160=VERTEX_POINT('',#4082);
#1161=VERTEX_POINT('',#4083);
#1162=VERTEX_POINT('',#4085);
#1163=VERTEX_POINT('',#4087);
#1164=VERTEX_POINT('',#4091);
#1165=VERTEX_POINT('',#4093);
#1166=VERTEX_POINT('',#4097);
#1167=VERTEX_POINT('',#4098);
#1168=VERTEX_POINT('',#4100);
#1169=VERTEX_POINT('',#4102);
#1170=VERTEX_POINT('',#4109);
#1171=VERTEX_POINT('',#4111);
#1172=VERTEX_POINT('',#4115);
#1173=VERTEX_POINT('',#4118);
#1174=VERTEX_POINT('',#4122);
#1175=VERTEX_POINT('',#4127);
#1176=VERTEX_POINT('',#4132);
#1177=VERTEX_POINT('',#4137);
#1178=VERTEX_POINT('',#4142);
#1179=VERTEX_POINT('',#4143);
#1180=VERTEX_POINT('',#4145);
#1181=VERTEX_POINT('',#4147);
#1182=VERTEX_POINT('',#4151);
#1183=VERTEX_POINT('',#4153);
#1184=VERTEX_POINT('',#4157);
#1185=VERTEX_POINT('',#4158);
#1186=VERTEX_POINT('',#4160);
#1187=VERTEX_POINT('',#4162);
#1188=VERTEX_POINT('',#4166);
#1189=VERTEX_POINT('',#4167);
#1190=VERTEX_POINT('',#4169);
#1191=VERTEX_POINT('',#4171);
#1192=VERTEX_POINT('',#4175);
#1193=VERTEX_POINT('',#4176);
#1194=VERTEX_POINT('',#4178);
#1195=VERTEX_POINT('',#4180);
#1196=VERTEX_POINT('',#4184);
#1197=VERTEX_POINT('',#4186);
#1198=VERTEX_POINT('',#4190);
#1199=VERTEX_POINT('',#4191);
#1200=VERTEX_POINT('',#4193);
#1201=VERTEX_POINT('',#4195);
#1202=VERTEX_POINT('',#4199);
#1203=VERTEX_POINT('',#4201);
#1204=VERTEX_POINT('',#4205);
#1205=VERTEX_POINT('',#4207);
#1206=VERTEX_POINT('',#4211);
#1207=VERTEX_POINT('',#4212);
#1208=VERTEX_POINT('',#4214);
#1209=VERTEX_POINT('',#4216);
#1210=VERTEX_POINT('',#4220);
#1211=VERTEX_POINT('',#4221);
#1212=VERTEX_POINT('',#4223);
#1213=VERTEX_POINT('',#4225);
#1214=VERTEX_POINT('',#4229);
#1215=VERTEX_POINT('',#4230);
#1216=VERTEX_POINT('',#4232);
#1217=VERTEX_POINT('',#4234);
#1218=VERTEX_POINT('',#4238);
#1219=VERTEX_POINT('',#4240);
#1220=VERTEX_POINT('',#4244);
#1221=VERTEX_POINT('',#4245);
#1222=VERTEX_POINT('',#4247);
#1223=VERTEX_POINT('',#4249);
#1224=VERTEX_POINT('',#4262);
#1225=VERTEX_POINT('',#4264);
#1226=VERTEX_POINT('',#4274);
#1227=VERTEX_POINT('',#4276);
#1228=VERTEX_POINT('',#4283);
#1229=VERTEX_POINT('',#4285);
#1230=VERTEX_POINT('',#4293);
#1231=VERTEX_POINT('',#4295);
#1232=VERTEX_POINT('',#4299);
#1233=VERTEX_POINT('',#4301);
#1234=VERTEX_POINT('',#4303);
#1235=VERTEX_POINT('',#4305);
#1236=VERTEX_POINT('',#4307);
#1237=VERTEX_POINT('',#4309);
#1238=VERTEX_POINT('',#4312);
#1239=VERTEX_POINT('',#4314);
#1240=VERTEX_POINT('',#4317);
#1241=VERTEX_POINT('',#4319);
#1242=VERTEX_POINT('',#4322);
#1243=VERTEX_POINT('',#4324);
#1244=VERTEX_POINT('',#4326);
#1245=VERTEX_POINT('',#4328);
#1246=VERTEX_POINT('',#4331);
#1247=VERTEX_POINT('',#4335);
#1248=VERTEX_POINT('',#4339);
#1249=VERTEX_POINT('',#4341);
#1250=VERTEX_POINT('',#4345);
#1251=VERTEX_POINT('',#4347);
#1252=VERTEX_POINT('',#4349);
#1253=VERTEX_POINT('',#4351);
#1254=EDGE_CURVE('',#1020,#1021,#964,.T.);
#1255=EDGE_CURVE('',#1020,#1022,#486,.T.);
#1256=EDGE_CURVE('',#1022,#1023,#965,.T.);
#1257=EDGE_CURVE('',#1021,#1023,#487,.T.);
#1258=EDGE_CURVE('',#1024,#1020,#966,.T.);
#1259=EDGE_CURVE('',#1024,#1025,#488,.T.);
#1260=EDGE_CURVE('',#1025,#1022,#967,.T.);
#1261=EDGE_CURVE('',#1026,#1024,#968,.T.);
#1262=EDGE_CURVE('',#1026,#1027,#489,.T.);
#1263=EDGE_CURVE('',#1027,#1025,#969,.T.);
#1264=EDGE_CURVE('',#1028,#1026,#490,.T.);
#1265=EDGE_CURVE('',#1028,#1029,#491,.T.);
#1266=EDGE_CURVE('',#1029,#1027,#492,.T.);
#1267=EDGE_CURVE('',#1030,#1028,#493,.T.);
#1268=EDGE_CURVE('',#1030,#1031,#494,.T.);
#1269=EDGE_CURVE('',#1031,#1029,#495,.T.);
#1270=EDGE_CURVE('',#1032,#1030,#970,.T.);
#1271=EDGE_CURVE('',#1032,#1033,#496,.T.);
#1272=EDGE_CURVE('',#1033,#1031,#971,.T.);
#1273=EDGE_CURVE('',#1034,#1032,#972,.T.);
#1274=EDGE_CURVE('',#1034,#1035,#497,.T.);
#1275=EDGE_CURVE('',#1035,#1033,#973,.T.);
#1276=EDGE_CURVE('',#1036,#1034,#974,.T.);
#1277=EDGE_CURVE('',#1036,#1037,#498,.T.);
#1278=EDGE_CURVE('',#1037,#1035,#975,.T.);
#1279=EDGE_CURVE('',#1038,#1036,#499,.T.);
#1280=EDGE_CURVE('',#1038,#1039,#500,.T.);
#1281=EDGE_CURVE('',#1039,#1037,#501,.T.);
#1282=EDGE_CURVE('',#1040,#1038,#502,.T.);
#1283=EDGE_CURVE('',#1040,#1041,#503,.T.);
#1284=EDGE_CURVE('',#1041,#1039,#504,.T.);
#1285=EDGE_CURVE('',#1042,#1040,#976,.T.);
#1286=EDGE_CURVE('',#1042,#1043,#505,.T.);
#1287=EDGE_CURVE('',#1043,#1041,#977,.T.);
#1288=EDGE_CURVE('',#1044,#1042,#978,.T.);
#1289=EDGE_CURVE('',#1044,#1045,#506,.T.);
#1290=EDGE_CURVE('',#1045,#1043,#979,.T.);
#1291=EDGE_CURVE('',#1046,#1044,#507,.T.);
#1292=EDGE_CURVE('',#1046,#1047,#508,.T.);
#1293=EDGE_CURVE('',#1047,#1045,#509,.T.);
#1294=EDGE_CURVE('',#1021,#1046,#510,.T.);
#1295=EDGE_CURVE('',#1023,#1047,#511,.T.);
#1296=EDGE_CURVE('',#1048,#1048,#43,.T.);
#1297=EDGE_CURVE('',#1048,#1049,#512,.T.);
#1298=EDGE_CURVE('',#1049,#1049,#44,.T.);
#1299=EDGE_CURVE('',#1050,#1051,#513,.T.);
#1300=EDGE_CURVE('',#1050,#1052,#514,.T.);
#1301=EDGE_CURVE('',#1052,#1053,#515,.T.);
#1302=EDGE_CURVE('',#1051,#1053,#516,.T.);
#1303=EDGE_CURVE('',#1054,#1050,#517,.T.);
#1304=EDGE_CURVE('',#1054,#1055,#518,.T.);
#1305=EDGE_CURVE('',#1055,#1052,#519,.T.);
#1306=EDGE_CURVE('',#1056,#1054,#520,.T.);
#1307=EDGE_CURVE('',#1056,#1057,#521,.T.);
#1308=EDGE_CURVE('',#1057,#1055,#522,.T.);
#1309=EDGE_CURVE('',#1058,#1056,#523,.T.);
#1310=EDGE_CURVE('',#1058,#1059,#524,.T.);
#1311=EDGE_CURVE('',#1059,#1057,#525,.T.);
#1312=EDGE_CURVE('',#1060,#1058,#526,.T.);
#1313=EDGE_CURVE('',#1060,#1061,#527,.T.);
#1314=EDGE_CURVE('',#1061,#1059,#528,.T.);
#1315=EDGE_CURVE('',#1062,#1060,#529,.T.);
#1316=EDGE_CURVE('',#1062,#1063,#530,.T.);
#1317=EDGE_CURVE('',#1063,#1061,#531,.T.);
#1318=EDGE_CURVE('',#1064,#1062,#45,.T.);
#1319=EDGE_CURVE('',#1064,#1065,#532,.T.);
#1320=EDGE_CURVE('',#1065,#1063,#46,.T.);
#1321=EDGE_CURVE('',#1066,#1064,#533,.T.);
#1322=EDGE_CURVE('',#1066,#1067,#534,.T.);
#1323=EDGE_CURVE('',#1067,#1065,#535,.T.);
#1324=EDGE_CURVE('',#1068,#1066,#536,.T.);
#1325=EDGE_CURVE('',#1068,#1069,#537,.T.);
#1326=EDGE_CURVE('',#1069,#1067,#538,.T.);
#1327=EDGE_CURVE('',#1070,#1068,#539,.T.);
#1328=EDGE_CURVE('',#1070,#1071,#540,.T.);
#1329=EDGE_CURVE('',#1071,#1069,#541,.T.);
#1330=EDGE_CURVE('',#1072,#1070,#542,.T.);
#1331=EDGE_CURVE('',#1072,#1073,#543,.T.);
#1332=EDGE_CURVE('',#1073,#1071,#544,.T.);
#1333=EDGE_CURVE('',#1074,#1072,#545,.T.);
#1334=EDGE_CURVE('',#1074,#1075,#546,.T.);
#1335=EDGE_CURVE('',#1075,#1073,#547,.T.);
#1336=EDGE_CURVE('',#1076,#1074,#548,.T.);
#1337=EDGE_CURVE('',#1076,#1077,#549,.T.);
#1338=EDGE_CURVE('',#1077,#1075,#550,.T.);
#1339=EDGE_CURVE('',#1051,#1076,#47,.T.);
#1340=EDGE_CURVE('',#1053,#1077,#48,.T.);
#1341=EDGE_CURVE('',#1078,#1078,#49,.T.);
#1342=EDGE_CURVE('',#1078,#1079,#551,.T.);
#1343=EDGE_CURVE('',#1079,#1079,#50,.T.);
#1344=EDGE_CURVE('',#1080,#1081,#980,.T.);
#1345=EDGE_CURVE('',#1080,#1082,#552,.T.);
#1346=EDGE_CURVE('',#1082,#1083,#981,.T.);
#1347=EDGE_CURVE('',#1081,#1083,#553,.T.);
#1348=EDGE_CURVE('',#1084,#1080,#982,.T.);
#1349=EDGE_CURVE('',#1084,#1085,#554,.T.);
#1350=EDGE_CURVE('',#1085,#1082,#983,.T.);
#1351=EDGE_CURVE('',#1086,#1084,#555,.T.);
#1352=EDGE_CURVE('',#1086,#1087,#556,.T.);
#1353=EDGE_CURVE('',#1087,#1085,#557,.T.);
#1354=EDGE_CURVE('',#1088,#1086,#984,.T.);
#1355=EDGE_CURVE('',#1088,#1089,#558,.T.);
#1356=EDGE_CURVE('',#1089,#1087,#985,.T.);
#1357=EDGE_CURVE('',#1090,#1088,#986,.T.);
#1358=EDGE_CURVE('',#1090,#1091,#559,.T.);
#1359=EDGE_CURVE('',#1091,#1089,#987,.T.);
#1360=EDGE_CURVE('',#1092,#1090,#560,.T.);
#1361=EDGE_CURVE('',#1092,#1093,#561,.T.);
#1362=EDGE_CURVE('',#1093,#1091,#562,.T.);
#1363=EDGE_CURVE('',#1094,#1092,#563,.T.);
#1364=EDGE_CURVE('',#1094,#1095,#564,.T.);
#1365=EDGE_CURVE('',#1095,#1093,#565,.T.);
#1366=EDGE_CURVE('',#1096,#1094,#988,.T.);
#1367=EDGE_CURVE('',#1096,#1097,#566,.T.);
#1368=EDGE_CURVE('',#1097,#1095,#989,.T.);
#1369=EDGE_CURVE('',#1098,#1096,#990,.T.);
#1370=EDGE_CURVE('',#1098,#1099,#567,.T.);
#1371=EDGE_CURVE('',#1099,#1097,#991,.T.);
#1372=EDGE_CURVE('',#1100,#1098,#568,.T.);
#1373=EDGE_CURVE('',#1100,#1101,#569,.T.);
#1374=EDGE_CURVE('',#1101,#1099,#570,.T.);
#1375=EDGE_CURVE('',#1102,#1100,#992,.T.);
#1376=EDGE_CURVE('',#1102,#1103,#571,.T.);
#1377=EDGE_CURVE('',#1103,#1101,#993,.T.);
#1378=EDGE_CURVE('',#1104,#1102,#994,.T.);
#1379=EDGE_CURVE('',#1104,#1105,#572,.T.);
#1380=EDGE_CURVE('',#1105,#1103,#995,.T.);
#1381=EDGE_CURVE('',#1106,#1104,#573,.T.);
#1382=EDGE_CURVE('',#1106,#1107,#574,.T.);
#1383=EDGE_CURVE('',#1107,#1105,#575,.T.);
#1384=EDGE_CURVE('',#1081,#1106,#576,.T.);
#1385=EDGE_CURVE('',#1083,#1107,#577,.T.);
#1386=EDGE_CURVE('',#1108,#1109,#996,.T.);
#1387=EDGE_CURVE('',#1108,#1110,#578,.T.);
#1388=EDGE_CURVE('',#1110,#1111,#997,.T.);
#1389=EDGE_CURVE('',#1109,#1111,#579,.T.);
#1390=EDGE_CURVE('',#1112,#1108,#998,.T.);
#1391=EDGE_CURVE('',#1112,#1113,#580,.T.);
#1392=EDGE_CURVE('',#1113,#1110,#999,.T.);
#1393=EDGE_CURVE('',#1114,#1112,#1000,.T.);
#1394=EDGE_CURVE('',#1114,#1115,#581,.T.);
#1395=EDGE_CURVE('',#1115,#1113,#1001,.T.);
#1396=EDGE_CURVE('',#1116,#1114,#582,.T.);
#1397=EDGE_CURVE('',#1116,#1117,#583,.T.);
#1398=EDGE_CURVE('',#1117,#1115,#584,.T.);
#1399=EDGE_CURVE('',#1118,#1116,#585,.T.);
#1400=EDGE_CURVE('',#1118,#1119,#586,.T.);
#1401=EDGE_CURVE('',#1119,#1117,#587,.T.);
#1402=EDGE_CURVE('',#1120,#1118,#1002,.T.);
#1403=EDGE_CURVE('',#1120,#1121,#588,.T.);
#1404=EDGE_CURVE('',#1121,#1119,#1003,.T.);
#1405=EDGE_CURVE('',#1122,#1120,#1004,.T.);
#1406=EDGE_CURVE('',#1122,#1123,#589,.T.);
#1407=EDGE_CURVE('',#1123,#1121,#1005,.T.);
#1408=EDGE_CURVE('',#1124,#1122,#1006,.T.);
#1409=EDGE_CURVE('',#1124,#1125,#590,.T.);
#1410=EDGE_CURVE('',#1125,#1123,#1007,.T.);
#1411=EDGE_CURVE('',#1126,#1124,#591,.T.);
#1412=EDGE_CURVE('',#1126,#1127,#592,.T.);
#1413=EDGE_CURVE('',#1127,#1125,#593,.T.);
#1414=EDGE_CURVE('',#1128,#1126,#594,.T.);
#1415=EDGE_CURVE('',#1128,#1129,#595,.T.);
#1416=EDGE_CURVE('',#1129,#1127,#596,.T.);
#1417=EDGE_CURVE('',#1130,#1128,#1008,.T.);
#1418=EDGE_CURVE('',#1130,#1131,#597,.T.);
#1419=EDGE_CURVE('',#1131,#1129,#1009,.T.);
#1420=EDGE_CURVE('',#1132,#1130,#1010,.T.);
#1421=EDGE_CURVE('',#1132,#1133,#598,.T.);
#1422=EDGE_CURVE('',#1133,#1131,#1011,.T.);
#1423=EDGE_CURVE('',#1134,#1132,#1012,.T.);
#1424=EDGE_CURVE('',#1134,#1135,#599,.T.);
#1425=EDGE_CURVE('',#1135,#1133,#1013,.T.);
#1426=EDGE_CURVE('',#1136,#1134,#600,.T.);
#1427=EDGE_CURVE('',#1136,#1137,#601,.T.);
#1428=EDGE_CURVE('',#1137,#1135,#602,.T.);
#1429=EDGE_CURVE('',#1138,#1136,#603,.T.);
#1430=EDGE_CURVE('',#1138,#1139,#604,.T.);
#1431=EDGE_CURVE('',#1139,#1137,#605,.T.);
#1432=EDGE_CURVE('',#1140,#1138,#1014,.T.);
#1433=EDGE_CURVE('',#1140,#1141,#606,.T.);
#1434=EDGE_CURVE('',#1141,#1139,#1015,.T.);
#1435=EDGE_CURVE('',#1142,#1140,#1016,.T.);
#1436=EDGE_CURVE('',#1142,#1143,#607,.T.);
#1437=EDGE_CURVE('',#1143,#1141,#1017,.T.);
#1438=EDGE_CURVE('',#1144,#1142,#1018,.T.);
#1439=EDGE_CURVE('',#1144,#1145,#608,.T.);
#1440=EDGE_CURVE('',#1145,#1143,#1019,.T.);
#1441=EDGE_CURVE('',#1146,#1144,#609,.T.);
#1442=EDGE_CURVE('',#1146,#1147,#610,.T.);
#1443=EDGE_CURVE('',#1147,#1145,#611,.T.);
#1444=EDGE_CURVE('',#1109,#1146,#612,.T.);
#1445=EDGE_CURVE('',#1111,#1147,#613,.T.);
#1446=EDGE_CURVE('',#1148,#1149,#614,.T.);
#1447=EDGE_CURVE('',#1148,#1150,#615,.T.);
#1448=EDGE_CURVE('',#1151,#1150,#616,.T.);
#1449=EDGE_CURVE('',#1151,#1152,#617,.T.);
#1450=EDGE_CURVE('',#1153,#1152,#618,.T.);
#1451=EDGE_CURVE('',#1153,#1154,#619,.T.);
#1452=EDGE_CURVE('',#1155,#1154,#620,.T.);
#1453=EDGE_CURVE('',#1155,#1149,#621,.T.);
#1454=EDGE_CURVE('',#1156,#1156,#51,.T.);
#1455=EDGE_CURVE('',#1157,#1157,#52,.T.);
#1456=EDGE_CURVE('',#1158,#1158,#53,.T.);
#1457=EDGE_CURVE('',#1159,#1159,#54,.T.);
#1458=EDGE_CURVE('',#1160,#1161,#55,.T.);
#1459=EDGE_CURVE('',#1161,#1162,#622,.T.);
#1460=EDGE_CURVE('',#1162,#1163,#56,.F.);
#1461=EDGE_CURVE('',#1163,#1160,#623,.T.);
#1462=EDGE_CURVE('',#1164,#1163,#624,.T.);
#1463=EDGE_CURVE('',#1165,#1164,#625,.T.);
#1464=EDGE_CURVE('',#1165,#1160,#626,.T.);
#1465=EDGE_CURVE('',#1166,#1167,#57,.T.);
#1466=EDGE_CURVE('',#1167,#1168,#627,.T.);
#1467=EDGE_CURVE('',#1168,#1169,#58,.F.);
#1468=EDGE_CURVE('',#1169,#1166,#628,.T.);
#1469=EDGE_CURVE('',#1161,#1166,#629,.T.);
#1470=EDGE_CURVE('',#1162,#1169,#630,.T.);
#1471=EDGE_CURVE('',#1170,#1167,#631,.T.);
#1472=EDGE_CURVE('',#1171,#1170,#632,.T.);
#1473=EDGE_CURVE('',#1168,#1171,#633,.T.);
#1474=EDGE_CURVE('',#1171,#1172,#634,.T.);
#1475=EDGE_CURVE('',#1152,#1172,#635,.T.);
#1476=EDGE_CURVE('',#1173,#1151,#636,.T.);
#1477=EDGE_CURVE('',#1173,#1164,#637,.T.);
#1478=EDGE_CURVE('',#1159,#1174,#638,.T.);
#1479=EDGE_CURVE('',#1174,#1174,#59,.T.);
#1480=EDGE_CURVE('',#1158,#1175,#639,.T.);
#1481=EDGE_CURVE('',#1175,#1175,#60,.T.);
#1482=EDGE_CURVE('',#1157,#1176,#640,.T.);
#1483=EDGE_CURVE('',#1176,#1176,#61,.T.);
#1484=EDGE_CURVE('',#1156,#1177,#641,.T.);
#1485=EDGE_CURVE('',#1177,#1177,#62,.T.);
#1486=EDGE_CURVE('',#1178,#1179,#63,.T.);
#1487=EDGE_CURVE('',#1180,#1178,#642,.T.);
#1488=EDGE_CURVE('',#1181,#1180,#64,.T.);
#1489=EDGE_CURVE('',#1179,#1181,#643,.T.);
#1490=EDGE_CURVE('',#1182,#1182,#65,.T.);
#1491=EDGE_CURVE('',#1182,#1183,#644,.T.);
#1492=EDGE_CURVE('',#1183,#1183,#66,.T.);
#1493=EDGE_CURVE('',#1184,#1185,#67,.T.);
#1494=EDGE_CURVE('',#1186,#1184,#645,.T.);
#1495=EDGE_CURVE('',#1187,#1186,#68,.T.);
#1496=EDGE_CURVE('',#1185,#1187,#646,.T.);
#1497=EDGE_CURVE('',#1188,#1189,#69,.T.);
#1498=EDGE_CURVE('',#1190,#1188,#647,.T.);
#1499=EDGE_CURVE('',#1191,#1190,#70,.T.);
#1500=EDGE_CURVE('',#1189,#1191,#648,.T.);
#1501=EDGE_CURVE('',#1192,#1193,#71,.T.);
#1502=EDGE_CURVE('',#1194,#1192,#649,.T.);
#1503=EDGE_CURVE('',#1195,#1194,#72,.T.);
#1504=EDGE_CURVE('',#1193,#1195,#650,.T.);
#1505=EDGE_CURVE('',#1196,#1196,#73,.T.);
#1506=EDGE_CURVE('',#1196,#1197,#651,.T.);
#1507=EDGE_CURVE('',#1197,#1197,#74,.T.);
#1508=EDGE_CURVE('',#1198,#1199,#75,.T.);
#1509=EDGE_CURVE('',#1200,#1198,#652,.T.);
#1510=EDGE_CURVE('',#1201,#1200,#76,.T.);
#1511=EDGE_CURVE('',#1199,#1201,#653,.T.);
#1512=EDGE_CURVE('',#1202,#1202,#77,.T.);
#1513=EDGE_CURVE('',#1202,#1203,#654,.T.);
#1514=EDGE_CURVE('',#1203,#1203,#78,.T.);
#1515=EDGE_CURVE('',#1204,#1204,#79,.T.);
#1516=EDGE_CURVE('',#1204,#1205,#655,.T.);
#1517=EDGE_CURVE('',#1205,#1205,#80,.T.);
#1518=EDGE_CURVE('',#1206,#1207,#81,.T.);
#1519=EDGE_CURVE('',#1208,#1206,#656,.T.);
#1520=EDGE_CURVE('',#1209,#1208,#82,.T.);
#1521=EDGE_CURVE('',#1207,#1209,#657,.T.);
#1522=EDGE_CURVE('',#1210,#1211,#83,.T.);
#1523=EDGE_CURVE('',#1212,#1210,#658,.T.);
#1524=EDGE_CURVE('',#1213,#1212,#84,.T.);
#1525=EDGE_CURVE('',#1211,#1213,#659,.T.);
#1526=EDGE_CURVE('',#1214,#1215,#85,.T.);
#1527=EDGE_CURVE('',#1216,#1214,#660,.T.);
#1528=EDGE_CURVE('',#1217,#1216,#86,.T.);
#1529=EDGE_CURVE('',#1215,#1217,#661,.T.);
#1530=EDGE_CURVE('',#1218,#1218,#87,.T.);
#1531=EDGE_CURVE('',#1218,#1219,#662,.T.);
#1532=EDGE_CURVE('',#1219,#1219,#88,.T.);
#1533=EDGE_CURVE('',#1220,#1221,#89,.T.);
#1534=EDGE_CURVE('',#1222,#1220,#663,.T.);
#1535=EDGE_CURVE('',#1223,#1222,#90,.T.);
#1536=EDGE_CURVE('',#1221,#1223,#664,.T.);
#1537=EDGE_CURVE('',#1212,#1209,#665,.T.);
#1538=EDGE_CURVE('',#1210,#1207,#666,.T.);
#1539=EDGE_CURVE('',#1192,#1215,#667,.T.);
#1540=EDGE_CURVE('',#1194,#1217,#668,.T.);
#1541=EDGE_CURVE('',#1188,#1211,#669,.T.);
#1542=EDGE_CURVE('',#1190,#1213,#670,.T.);
#1543=EDGE_CURVE('',#1224,#1191,#671,.T.);
#1544=EDGE_CURVE('',#1225,#1224,#672,.T.);
#1545=EDGE_CURVE('',#1225,#1189,#673,.T.);
#1546=EDGE_CURVE('',#1184,#1193,#674,.T.);
#1547=EDGE_CURVE('',#1186,#1195,#675,.T.);
#1548=EDGE_CURVE('',#1208,#1187,#676,.T.);
#1549=EDGE_CURVE('',#1206,#1185,#677,.T.);
#1550=EDGE_CURVE('',#1178,#1226,#678,.T.);
#1551=EDGE_CURVE('',#1227,#1226,#679,.T.);
#1552=EDGE_CURVE('',#1180,#1227,#680,.T.);
#1553=EDGE_CURVE('',#1216,#1181,#681,.T.);
#1554=EDGE_CURVE('',#1214,#1179,#682,.T.);
#1555=EDGE_CURVE('',#1220,#1228,#683,.T.);
#1556=EDGE_CURVE('',#1229,#1228,#684,.T.);
#1557=EDGE_CURVE('',#1222,#1229,#685,.T.);
#1558=EDGE_CURVE('',#1200,#1165,#686,.T.);
#1559=EDGE_CURVE('',#1198,#1221,#687,.T.);
#1560=EDGE_CURVE('',#1170,#1223,#688,.T.);
#1561=EDGE_CURVE('',#1230,#1201,#689,.T.);
#1562=EDGE_CURVE('',#1231,#1230,#690,.T.);
#1563=EDGE_CURVE('',#1231,#1199,#691,.T.);
#1564=EDGE_CURVE('',#1232,#1173,#692,.F.);
#1565=EDGE_CURVE('',#1233,#1232,#693,.T.);
#1566=EDGE_CURVE('',#1234,#1233,#694,.F.);
#1567=EDGE_CURVE('',#1235,#1234,#695,.T.);
#1568=EDGE_CURVE('',#1236,#1235,#696,.F.);
#1569=EDGE_CURVE('',#1237,#1236,#697,.T.);
#1570=EDGE_CURVE('',#1172,#1237,#698,.F.);
#1571=EDGE_CURVE('',#1238,#1229,#699,.T.);
#1572=EDGE_CURVE('',#1238,#1239,#700,.T.);
#1573=EDGE_CURVE('',#1224,#1239,#701,.T.);
#1574=EDGE_CURVE('',#1240,#1227,#702,.T.);
#1575=EDGE_CURVE('',#1240,#1241,#703,.T.);
#1576=EDGE_CURVE('',#1230,#1241,#704,.T.);
#1577=EDGE_CURVE('',#1242,#1242,#91,.T.);
#1578=EDGE_CURVE('',#1243,#1243,#92,.T.);
#1579=EDGE_CURVE('',#1244,#1244,#93,.T.);
#1580=EDGE_CURVE('',#1245,#1245,#94,.T.);
#1581=EDGE_CURVE('',#1226,#1246,#705,.T.);
#1582=EDGE_CURVE('',#1246,#1240,#706,.T.);
#1583=EDGE_CURVE('',#1246,#1247,#707,.T.);
#1584=EDGE_CURVE('',#1241,#1247,#708,.T.);
#1585=EDGE_CURVE('',#1248,#1225,#709,.T.);
#1586=EDGE_CURVE('',#1249,#1248,#710,.T.);
#1587=EDGE_CURVE('',#1228,#1249,#711,.T.);
#1588=EDGE_CURVE('',#1247,#1231,#712,.T.);
#1589=EDGE_CURVE('',#1250,#1250,#95,.T.);
#1590=EDGE_CURVE('',#1251,#1251,#96,.T.);
#1591=EDGE_CURVE('',#1252,#1252,#97,.T.);
#1592=EDGE_CURVE('',#1253,#1253,#98,.T.);
#1593=EDGE_CURVE('',#1149,#1234,#713,.T.);
#1594=EDGE_CURVE('',#1233,#1148,#714,.T.);
#1595=EDGE_CURVE('',#1150,#1232,#715,.T.);
#1596=EDGE_CURVE('',#1239,#1248,#716,.T.);
#1597=EDGE_CURVE('',#1249,#1238,#717,.T.);
#1598=EDGE_CURVE('',#1154,#1236,#718,.T.);
#1599=EDGE_CURVE('',#1235,#1155,#719,.T.);
#1600=EDGE_CURVE('',#1237,#1153,#720,.T.);
#1601=EDGE_CURVE('',#1242,#1250,#721,.T.);
#1602=EDGE_CURVE('',#1243,#1251,#722,.T.);
#1603=EDGE_CURVE('',#1244,#1252,#723,.T.);
#1604=EDGE_CURVE('',#1245,#1253,#724,.T.);
#1605=ORIENTED_EDGE('',*,*,#1254,.F.);
#1606=ORIENTED_EDGE('',*,*,#1255,.T.);
#1607=ORIENTED_EDGE('',*,*,#1256,.T.);
#1608=ORIENTED_EDGE('',*,*,#1257,.F.);
#1609=ORIENTED_EDGE('',*,*,#1258,.F.);
#1610=ORIENTED_EDGE('',*,*,#1259,.T.);
#1611=ORIENTED_EDGE('',*,*,#1260,.T.);
#1612=ORIENTED_EDGE('',*,*,#1255,.F.);
#1613=ORIENTED_EDGE('',*,*,#1261,.F.);
#1614=ORIENTED_EDGE('',*,*,#1262,.T.);
#1615=ORIENTED_EDGE('',*,*,#1263,.T.);
#1616=ORIENTED_EDGE('',*,*,#1259,.F.);
#1617=ORIENTED_EDGE('',*,*,#1264,.F.);
#1618=ORIENTED_EDGE('',*,*,#1265,.T.);
#1619=ORIENTED_EDGE('',*,*,#1266,.T.);
#1620=ORIENTED_EDGE('',*,*,#1262,.F.);
#1621=ORIENTED_EDGE('',*,*,#1267,.F.);
#1622=ORIENTED_EDGE('',*,*,#1268,.T.);
#1623=ORIENTED_EDGE('',*,*,#1269,.T.);
#1624=ORIENTED_EDGE('',*,*,#1265,.F.);
#1625=ORIENTED_EDGE('',*,*,#1270,.F.);
#1626=ORIENTED_EDGE('',*,*,#1271,.T.);
#1627=ORIENTED_EDGE('',*,*,#1272,.T.);
#1628=ORIENTED_EDGE('',*,*,#1268,.F.);
#1629=ORIENTED_EDGE('',*,*,#1273,.F.);
#1630=ORIENTED_EDGE('',*,*,#1274,.T.);
#1631=ORIENTED_EDGE('',*,*,#1275,.T.);
#1632=ORIENTED_EDGE('',*,*,#1271,.F.);
#1633=ORIENTED_EDGE('',*,*,#1276,.F.);
#1634=ORIENTED_EDGE('',*,*,#1277,.T.);
#1635=ORIENTED_EDGE('',*,*,#1278,.T.);
#1636=ORIENTED_EDGE('',*,*,#1274,.F.);
#1637=ORIENTED_EDGE('',*,*,#1279,.F.);
#1638=ORIENTED_EDGE('',*,*,#1280,.T.);
#1639=ORIENTED_EDGE('',*,*,#1281,.T.);
#1640=ORIENTED_EDGE('',*,*,#1277,.F.);
#1641=ORIENTED_EDGE('',*,*,#1282,.F.);
#1642=ORIENTED_EDGE('',*,*,#1283,.T.);
#1643=ORIENTED_EDGE('',*,*,#1284,.T.);
#1644=ORIENTED_EDGE('',*,*,#1280,.F.);
#1645=ORIENTED_EDGE('',*,*,#1285,.F.);
#1646=ORIENTED_EDGE('',*,*,#1286,.T.);
#1647=ORIENTED_EDGE('',*,*,#1287,.T.);
#1648=ORIENTED_EDGE('',*,*,#1283,.F.);
#1649=ORIENTED_EDGE('',*,*,#1288,.F.);
#1650=ORIENTED_EDGE('',*,*,#1289,.T.);
#1651=ORIENTED_EDGE('',*,*,#1290,.T.);
#1652=ORIENTED_EDGE('',*,*,#1286,.F.);
#1653=ORIENTED_EDGE('',*,*,#1291,.F.);
#1654=ORIENTED_EDGE('',*,*,#1292,.T.);
#1655=ORIENTED_EDGE('',*,*,#1293,.T.);
#1656=ORIENTED_EDGE('',*,*,#1289,.F.);
#1657=ORIENTED_EDGE('',*,*,#1294,.F.);
#1658=ORIENTED_EDGE('',*,*,#1257,.T.);
#1659=ORIENTED_EDGE('',*,*,#1295,.T.);
#1660=ORIENTED_EDGE('',*,*,#1292,.F.);
#1661=ORIENTED_EDGE('',*,*,#1295,.F.);
#1662=ORIENTED_EDGE('',*,*,#1256,.F.);
#1663=ORIENTED_EDGE('',*,*,#1260,.F.);
#1664=ORIENTED_EDGE('',*,*,#1263,.F.);
#1665=ORIENTED_EDGE('',*,*,#1266,.F.);
#1666=ORIENTED_EDGE('',*,*,#1269,.F.);
#1667=ORIENTED_EDGE('',*,*,#1272,.F.);
#1668=ORIENTED_EDGE('',*,*,#1275,.F.);
#1669=ORIENTED_EDGE('',*,*,#1278,.F.);
#1670=ORIENTED_EDGE('',*,*,#1281,.F.);
#1671=ORIENTED_EDGE('',*,*,#1284,.F.);
#1672=ORIENTED_EDGE('',*,*,#1287,.F.);
#1673=ORIENTED_EDGE('',*,*,#1290,.F.);
#1674=ORIENTED_EDGE('',*,*,#1293,.F.);
#1675=ORIENTED_EDGE('',*,*,#1296,.F.);
#1676=ORIENTED_EDGE('',*,*,#1297,.T.);
#1677=ORIENTED_EDGE('',*,*,#1298,.T.);
#1678=ORIENTED_EDGE('',*,*,#1297,.F.);
#1679=ORIENTED_EDGE('',*,*,#1299,.F.);
#1680=ORIENTED_EDGE('',*,*,#1300,.T.);
#1681=ORIENTED_EDGE('',*,*,#1301,.T.);
#1682=ORIENTED_EDGE('',*,*,#1302,.F.);
#1683=ORIENTED_EDGE('',*,*,#1303,.F.);
#1684=ORIENTED_EDGE('',*,*,#1304,.T.);
#1685=ORIENTED_EDGE('',*,*,#1305,.T.);
#1686=ORIENTED_EDGE('',*,*,#1300,.F.);
#1687=ORIENTED_EDGE('',*,*,#1306,.F.);
#1688=ORIENTED_EDGE('',*,*,#1307,.T.);
#1689=ORIENTED_EDGE('',*,*,#1308,.T.);
#1690=ORIENTED_EDGE('',*,*,#1304,.F.);
#1691=ORIENTED_EDGE('',*,*,#1309,.F.);
#1692=ORIENTED_EDGE('',*,*,#1310,.T.);
#1693=ORIENTED_EDGE('',*,*,#1311,.T.);
#1694=ORIENTED_EDGE('',*,*,#1307,.F.);
#1695=ORIENTED_EDGE('',*,*,#1312,.F.);
#1696=ORIENTED_EDGE('',*,*,#1313,.T.);
#1697=ORIENTED_EDGE('',*,*,#1314,.T.);
#1698=ORIENTED_EDGE('',*,*,#1310,.F.);
#1699=ORIENTED_EDGE('',*,*,#1315,.F.);
#1700=ORIENTED_EDGE('',*,*,#1316,.T.);
#1701=ORIENTED_EDGE('',*,*,#1317,.T.);
#1702=ORIENTED_EDGE('',*,*,#1313,.F.);
#1703=ORIENTED_EDGE('',*,*,#1318,.F.);
#1704=ORIENTED_EDGE('',*,*,#1319,.T.);
#1705=ORIENTED_EDGE('',*,*,#1320,.T.);
#1706=ORIENTED_EDGE('',*,*,#1316,.F.);
#1707=ORIENTED_EDGE('',*,*,#1321,.F.);
#1708=ORIENTED_EDGE('',*,*,#1322,.T.);
#1709=ORIENTED_EDGE('',*,*,#1323,.T.);
#1710=ORIENTED_EDGE('',*,*,#1319,.F.);
#1711=ORIENTED_EDGE('',*,*,#1324,.F.);
#1712=ORIENTED_EDGE('',*,*,#1325,.T.);
#1713=ORIENTED_EDGE('',*,*,#1326,.T.);
#1714=ORIENTED_EDGE('',*,*,#1322,.F.);
#1715=ORIENTED_EDGE('',*,*,#1327,.F.);
#1716=ORIENTED_EDGE('',*,*,#1328,.T.);
#1717=ORIENTED_EDGE('',*,*,#1329,.T.);
#1718=ORIENTED_EDGE('',*,*,#1325,.F.);
#1719=ORIENTED_EDGE('',*,*,#1330,.F.);
#1720=ORIENTED_EDGE('',*,*,#1331,.T.);
#1721=ORIENTED_EDGE('',*,*,#1332,.T.);
#1722=ORIENTED_EDGE('',*,*,#1328,.F.);
#1723=ORIENTED_EDGE('',*,*,#1333,.F.);
#1724=ORIENTED_EDGE('',*,*,#1334,.T.);
#1725=ORIENTED_EDGE('',*,*,#1335,.T.);
#1726=ORIENTED_EDGE('',*,*,#1331,.F.);
#1727=ORIENTED_EDGE('',*,*,#1336,.F.);
#1728=ORIENTED_EDGE('',*,*,#1337,.T.);
#1729=ORIENTED_EDGE('',*,*,#1338,.T.);
#1730=ORIENTED_EDGE('',*,*,#1334,.F.);
#1731=ORIENTED_EDGE('',*,*,#1339,.F.);
#1732=ORIENTED_EDGE('',*,*,#1302,.T.);
#1733=ORIENTED_EDGE('',*,*,#1340,.T.);
#1734=ORIENTED_EDGE('',*,*,#1337,.F.);
#1735=ORIENTED_EDGE('',*,*,#1340,.F.);
#1736=ORIENTED_EDGE('',*,*,#1301,.F.);
#1737=ORIENTED_EDGE('',*,*,#1305,.F.);
#1738=ORIENTED_EDGE('',*,*,#1308,.F.);
#1739=ORIENTED_EDGE('',*,*,#1311,.F.);
#1740=ORIENTED_EDGE('',*,*,#1314,.F.);
#1741=ORIENTED_EDGE('',*,*,#1317,.F.);
#1742=ORIENTED_EDGE('',*,*,#1320,.F.);
#1743=ORIENTED_EDGE('',*,*,#1323,.F.);
#1744=ORIENTED_EDGE('',*,*,#1326,.F.);
#1745=ORIENTED_EDGE('',*,*,#1329,.F.);
#1746=ORIENTED_EDGE('',*,*,#1332,.F.);
#1747=ORIENTED_EDGE('',*,*,#1335,.F.);
#1748=ORIENTED_EDGE('',*,*,#1338,.F.);
#1749=ORIENTED_EDGE('',*,*,#1298,.F.);
#1750=ORIENTED_EDGE('',*,*,#1341,.F.);
#1751=ORIENTED_EDGE('',*,*,#1342,.T.);
#1752=ORIENTED_EDGE('',*,*,#1343,.T.);
#1753=ORIENTED_EDGE('',*,*,#1342,.F.);
#1754=ORIENTED_EDGE('',*,*,#1343,.F.);
#1755=ORIENTED_EDGE('',*,*,#1344,.F.);
#1756=ORIENTED_EDGE('',*,*,#1345,.T.);
#1757=ORIENTED_EDGE('',*,*,#1346,.T.);
#1758=ORIENTED_EDGE('',*,*,#1347,.F.);
#1759=ORIENTED_EDGE('',*,*,#1348,.F.);
#1760=ORIENTED_EDGE('',*,*,#1349,.T.);
#1761=ORIENTED_EDGE('',*,*,#1350,.T.);
#1762=ORIENTED_EDGE('',*,*,#1345,.F.);
#1763=ORIENTED_EDGE('',*,*,#1351,.F.);
#1764=ORIENTED_EDGE('',*,*,#1352,.T.);
#1765=ORIENTED_EDGE('',*,*,#1353,.T.);
#1766=ORIENTED_EDGE('',*,*,#1349,.F.);
#1767=ORIENTED_EDGE('',*,*,#1354,.F.);
#1768=ORIENTED_EDGE('',*,*,#1355,.T.);
#1769=ORIENTED_EDGE('',*,*,#1356,.T.);
#1770=ORIENTED_EDGE('',*,*,#1352,.F.);
#1771=ORIENTED_EDGE('',*,*,#1357,.F.);
#1772=ORIENTED_EDGE('',*,*,#1358,.T.);
#1773=ORIENTED_EDGE('',*,*,#1359,.T.);
#1774=ORIENTED_EDGE('',*,*,#1355,.F.);
#1775=ORIENTED_EDGE('',*,*,#1360,.F.);
#1776=ORIENTED_EDGE('',*,*,#1361,.T.);
#1777=ORIENTED_EDGE('',*,*,#1362,.T.);
#1778=ORIENTED_EDGE('',*,*,#1358,.F.);
#1779=ORIENTED_EDGE('',*,*,#1363,.F.);
#1780=ORIENTED_EDGE('',*,*,#1364,.T.);
#1781=ORIENTED_EDGE('',*,*,#1365,.T.);
#1782=ORIENTED_EDGE('',*,*,#1361,.F.);
#1783=ORIENTED_EDGE('',*,*,#1366,.F.);
#1784=ORIENTED_EDGE('',*,*,#1367,.T.);
#1785=ORIENTED_EDGE('',*,*,#1368,.T.);
#1786=ORIENTED_EDGE('',*,*,#1364,.F.);
#1787=ORIENTED_EDGE('',*,*,#1369,.F.);
#1788=ORIENTED_EDGE('',*,*,#1370,.T.);
#1789=ORIENTED_EDGE('',*,*,#1371,.T.);
#1790=ORIENTED_EDGE('',*,*,#1367,.F.);
#1791=ORIENTED_EDGE('',*,*,#1372,.F.);
#1792=ORIENTED_EDGE('',*,*,#1373,.T.);
#1793=ORIENTED_EDGE('',*,*,#1374,.T.);
#1794=ORIENTED_EDGE('',*,*,#1370,.F.);
#1795=ORIENTED_EDGE('',*,*,#1375,.F.);
#1796=ORIENTED_EDGE('',*,*,#1376,.T.);
#1797=ORIENTED_EDGE('',*,*,#1377,.T.);
#1798=ORIENTED_EDGE('',*,*,#1373,.F.);
#1799=ORIENTED_EDGE('',*,*,#1378,.F.);
#1800=ORIENTED_EDGE('',*,*,#1379,.T.);
#1801=ORIENTED_EDGE('',*,*,#1380,.T.);
#1802=ORIENTED_EDGE('',*,*,#1376,.F.);
#1803=ORIENTED_EDGE('',*,*,#1381,.F.);
#1804=ORIENTED_EDGE('',*,*,#1382,.T.);
#1805=ORIENTED_EDGE('',*,*,#1383,.T.);
#1806=ORIENTED_EDGE('',*,*,#1379,.F.);
#1807=ORIENTED_EDGE('',*,*,#1384,.F.);
#1808=ORIENTED_EDGE('',*,*,#1347,.T.);
#1809=ORIENTED_EDGE('',*,*,#1385,.T.);
#1810=ORIENTED_EDGE('',*,*,#1382,.F.);
#1811=ORIENTED_EDGE('',*,*,#1385,.F.);
#1812=ORIENTED_EDGE('',*,*,#1346,.F.);
#1813=ORIENTED_EDGE('',*,*,#1350,.F.);
#1814=ORIENTED_EDGE('',*,*,#1353,.F.);
#1815=ORIENTED_EDGE('',*,*,#1356,.F.);
#1816=ORIENTED_EDGE('',*,*,#1359,.F.);
#1817=ORIENTED_EDGE('',*,*,#1362,.F.);
#1818=ORIENTED_EDGE('',*,*,#1365,.F.);
#1819=ORIENTED_EDGE('',*,*,#1368,.F.);
#1820=ORIENTED_EDGE('',*,*,#1371,.F.);
#1821=ORIENTED_EDGE('',*,*,#1374,.F.);
#1822=ORIENTED_EDGE('',*,*,#1377,.F.);
#1823=ORIENTED_EDGE('',*,*,#1380,.F.);
#1824=ORIENTED_EDGE('',*,*,#1383,.F.);
#1825=ORIENTED_EDGE('',*,*,#1386,.F.);
#1826=ORIENTED_EDGE('',*,*,#1387,.T.);
#1827=ORIENTED_EDGE('',*,*,#1388,.T.);
#1828=ORIENTED_EDGE('',*,*,#1389,.F.);
#1829=ORIENTED_EDGE('',*,*,#1390,.F.);
#1830=ORIENTED_EDGE('',*,*,#1391,.T.);
#1831=ORIENTED_EDGE('',*,*,#1392,.T.);
#1832=ORIENTED_EDGE('',*,*,#1387,.F.);
#1833=ORIENTED_EDGE('',*,*,#1393,.F.);
#1834=ORIENTED_EDGE('',*,*,#1394,.T.);
#1835=ORIENTED_EDGE('',*,*,#1395,.T.);
#1836=ORIENTED_EDGE('',*,*,#1391,.F.);
#1837=ORIENTED_EDGE('',*,*,#1396,.F.);
#1838=ORIENTED_EDGE('',*,*,#1397,.T.);
#1839=ORIENTED_EDGE('',*,*,#1398,.T.);
#1840=ORIENTED_EDGE('',*,*,#1394,.F.);
#1841=ORIENTED_EDGE('',*,*,#1399,.F.);
#1842=ORIENTED_EDGE('',*,*,#1400,.T.);
#1843=ORIENTED_EDGE('',*,*,#1401,.T.);
#1844=ORIENTED_EDGE('',*,*,#1397,.F.);
#1845=ORIENTED_EDGE('',*,*,#1402,.F.);
#1846=ORIENTED_EDGE('',*,*,#1403,.T.);
#1847=ORIENTED_EDGE('',*,*,#1404,.T.);
#1848=ORIENTED_EDGE('',*,*,#1400,.F.);
#1849=ORIENTED_EDGE('',*,*,#1405,.F.);
#1850=ORIENTED_EDGE('',*,*,#1406,.T.);
#1851=ORIENTED_EDGE('',*,*,#1407,.T.);
#1852=ORIENTED_EDGE('',*,*,#1403,.F.);
#1853=ORIENTED_EDGE('',*,*,#1408,.F.);
#1854=ORIENTED_EDGE('',*,*,#1409,.T.);
#1855=ORIENTED_EDGE('',*,*,#1410,.T.);
#1856=ORIENTED_EDGE('',*,*,#1406,.F.);
#1857=ORIENTED_EDGE('',*,*,#1411,.F.);
#1858=ORIENTED_EDGE('',*,*,#1412,.T.);
#1859=ORIENTED_EDGE('',*,*,#1413,.T.);
#1860=ORIENTED_EDGE('',*,*,#1409,.F.);
#1861=ORIENTED_EDGE('',*,*,#1414,.F.);
#1862=ORIENTED_EDGE('',*,*,#1415,.T.);
#1863=ORIENTED_EDGE('',*,*,#1416,.T.);
#1864=ORIENTED_EDGE('',*,*,#1412,.F.);
#1865=ORIENTED_EDGE('',*,*,#1417,.F.);
#1866=ORIENTED_EDGE('',*,*,#1418,.T.);
#1867=ORIENTED_EDGE('',*,*,#1419,.T.);
#1868=ORIENTED_EDGE('',*,*,#1415,.F.);
#1869=ORIENTED_EDGE('',*,*,#1420,.F.);
#1870=ORIENTED_EDGE('',*,*,#1421,.T.);
#1871=ORIENTED_EDGE('',*,*,#1422,.T.);
#1872=ORIENTED_EDGE('',*,*,#1418,.F.);
#1873=ORIENTED_EDGE('',*,*,#1423,.F.);
#1874=ORIENTED_EDGE('',*,*,#1424,.T.);
#1875=ORIENTED_EDGE('',*,*,#1425,.T.);
#1876=ORIENTED_EDGE('',*,*,#1421,.F.);
#1877=ORIENTED_EDGE('',*,*,#1426,.F.);
#1878=ORIENTED_EDGE('',*,*,#1427,.T.);
#1879=ORIENTED_EDGE('',*,*,#1428,.T.);
#1880=ORIENTED_EDGE('',*,*,#1424,.F.);
#1881=ORIENTED_EDGE('',*,*,#1429,.F.);
#1882=ORIENTED_EDGE('',*,*,#1430,.T.);
#1883=ORIENTED_EDGE('',*,*,#1431,.T.);
#1884=ORIENTED_EDGE('',*,*,#1427,.F.);
#1885=ORIENTED_EDGE('',*,*,#1432,.F.);
#1886=ORIENTED_EDGE('',*,*,#1433,.T.);
#1887=ORIENTED_EDGE('',*,*,#1434,.T.);
#1888=ORIENTED_EDGE('',*,*,#1430,.F.);
#1889=ORIENTED_EDGE('',*,*,#1435,.F.);
#1890=ORIENTED_EDGE('',*,*,#1436,.T.);
#1891=ORIENTED_EDGE('',*,*,#1437,.T.);
#1892=ORIENTED_EDGE('',*,*,#1433,.F.);
#1893=ORIENTED_EDGE('',*,*,#1438,.F.);
#1894=ORIENTED_EDGE('',*,*,#1439,.T.);
#1895=ORIENTED_EDGE('',*,*,#1440,.T.);
#1896=ORIENTED_EDGE('',*,*,#1436,.F.);
#1897=ORIENTED_EDGE('',*,*,#1441,.F.);
#1898=ORIENTED_EDGE('',*,*,#1442,.T.);
#1899=ORIENTED_EDGE('',*,*,#1443,.T.);
#1900=ORIENTED_EDGE('',*,*,#1439,.F.);
#1901=ORIENTED_EDGE('',*,*,#1444,.F.);
#1902=ORIENTED_EDGE('',*,*,#1389,.T.);
#1903=ORIENTED_EDGE('',*,*,#1445,.T.);
#1904=ORIENTED_EDGE('',*,*,#1442,.F.);
#1905=ORIENTED_EDGE('',*,*,#1445,.F.);
#1906=ORIENTED_EDGE('',*,*,#1388,.F.);
#1907=ORIENTED_EDGE('',*,*,#1392,.F.);
#1908=ORIENTED_EDGE('',*,*,#1395,.F.);
#1909=ORIENTED_EDGE('',*,*,#1398,.F.);
#1910=ORIENTED_EDGE('',*,*,#1401,.F.);
#1911=ORIENTED_EDGE('',*,*,#1404,.F.);
#1912=ORIENTED_EDGE('',*,*,#1407,.F.);
#1913=ORIENTED_EDGE('',*,*,#1410,.F.);
#1914=ORIENTED_EDGE('',*,*,#1413,.F.);
#1915=ORIENTED_EDGE('',*,*,#1416,.F.);
#1916=ORIENTED_EDGE('',*,*,#1419,.F.);
#1917=ORIENTED_EDGE('',*,*,#1422,.F.);
#1918=ORIENTED_EDGE('',*,*,#1425,.F.);
#1919=ORIENTED_EDGE('',*,*,#1428,.F.);
#1920=ORIENTED_EDGE('',*,*,#1431,.F.);
#1921=ORIENTED_EDGE('',*,*,#1434,.F.);
#1922=ORIENTED_EDGE('',*,*,#1437,.F.);
#1923=ORIENTED_EDGE('',*,*,#1440,.F.);
#1924=ORIENTED_EDGE('',*,*,#1443,.F.);
#1925=ORIENTED_EDGE('',*,*,#1446,.F.);
#1926=ORIENTED_EDGE('',*,*,#1447,.T.);
#1927=ORIENTED_EDGE('',*,*,#1448,.F.);
#1928=ORIENTED_EDGE('',*,*,#1449,.T.);
#1929=ORIENTED_EDGE('',*,*,#1450,.F.);
#1930=ORIENTED_EDGE('',*,*,#1451,.T.);
#1931=ORIENTED_EDGE('',*,*,#1452,.F.);
#1932=ORIENTED_EDGE('',*,*,#1453,.T.);
#1933=ORIENTED_EDGE('',*,*,#1454,.T.);
#1934=ORIENTED_EDGE('',*,*,#1455,.T.);
#1935=ORIENTED_EDGE('',*,*,#1456,.T.);
#1936=ORIENTED_EDGE('',*,*,#1457,.T.);
#1937=ORIENTED_EDGE('',*,*,#1386,.T.);
#1938=ORIENTED_EDGE('',*,*,#1444,.T.);
#1939=ORIENTED_EDGE('',*,*,#1441,.T.);
#1940=ORIENTED_EDGE('',*,*,#1438,.T.);
#1941=ORIENTED_EDGE('',*,*,#1435,.T.);
#1942=ORIENTED_EDGE('',*,*,#1432,.T.);
#1943=ORIENTED_EDGE('',*,*,#1429,.T.);
#1944=ORIENTED_EDGE('',*,*,#1426,.T.);
#1945=ORIENTED_EDGE('',*,*,#1423,.T.);
#1946=ORIENTED_EDGE('',*,*,#1420,.T.);
#1947=ORIENTED_EDGE('',*,*,#1417,.T.);
#1948=ORIENTED_EDGE('',*,*,#1414,.T.);
#1949=ORIENTED_EDGE('',*,*,#1411,.T.);
#1950=ORIENTED_EDGE('',*,*,#1408,.T.);
#1951=ORIENTED_EDGE('',*,*,#1405,.T.);
#1952=ORIENTED_EDGE('',*,*,#1402,.T.);
#1953=ORIENTED_EDGE('',*,*,#1399,.T.);
#1954=ORIENTED_EDGE('',*,*,#1396,.T.);
#1955=ORIENTED_EDGE('',*,*,#1393,.T.);
#1956=ORIENTED_EDGE('',*,*,#1390,.T.);
#1957=ORIENTED_EDGE('',*,*,#1344,.T.);
#1958=ORIENTED_EDGE('',*,*,#1384,.T.);
#1959=ORIENTED_EDGE('',*,*,#1381,.T.);
#1960=ORIENTED_EDGE('',*,*,#1378,.T.);
#1961=ORIENTED_EDGE('',*,*,#1375,.T.);
#1962=ORIENTED_EDGE('',*,*,#1372,.T.);
#1963=ORIENTED_EDGE('',*,*,#1369,.T.);
#1964=ORIENTED_EDGE('',*,*,#1366,.T.);
#1965=ORIENTED_EDGE('',*,*,#1363,.T.);
#1966=ORIENTED_EDGE('',*,*,#1360,.T.);
#1967=ORIENTED_EDGE('',*,*,#1357,.T.);
#1968=ORIENTED_EDGE('',*,*,#1354,.T.);
#1969=ORIENTED_EDGE('',*,*,#1351,.T.);
#1970=ORIENTED_EDGE('',*,*,#1348,.T.);
#1971=ORIENTED_EDGE('',*,*,#1299,.T.);
#1972=ORIENTED_EDGE('',*,*,#1339,.T.);
#1973=ORIENTED_EDGE('',*,*,#1336,.T.);
#1974=ORIENTED_EDGE('',*,*,#1333,.T.);
#1975=ORIENTED_EDGE('',*,*,#1330,.T.);
#1976=ORIENTED_EDGE('',*,*,#1327,.T.);
#1977=ORIENTED_EDGE('',*,*,#1324,.T.);
#1978=ORIENTED_EDGE('',*,*,#1321,.T.);
#1979=ORIENTED_EDGE('',*,*,#1318,.T.);
#1980=ORIENTED_EDGE('',*,*,#1315,.T.);
#1981=ORIENTED_EDGE('',*,*,#1312,.T.);
#1982=ORIENTED_EDGE('',*,*,#1309,.T.);
#1983=ORIENTED_EDGE('',*,*,#1306,.T.);
#1984=ORIENTED_EDGE('',*,*,#1303,.T.);
#1985=ORIENTED_EDGE('',*,*,#1254,.T.);
#1986=ORIENTED_EDGE('',*,*,#1294,.T.);
#1987=ORIENTED_EDGE('',*,*,#1291,.T.);
#1988=ORIENTED_EDGE('',*,*,#1288,.T.);
#1989=ORIENTED_EDGE('',*,*,#1285,.T.);
#1990=ORIENTED_EDGE('',*,*,#1282,.T.);
#1991=ORIENTED_EDGE('',*,*,#1279,.T.);
#1992=ORIENTED_EDGE('',*,*,#1276,.T.);
#1993=ORIENTED_EDGE('',*,*,#1273,.T.);
#1994=ORIENTED_EDGE('',*,*,#1270,.T.);
#1995=ORIENTED_EDGE('',*,*,#1267,.T.);
#1996=ORIENTED_EDGE('',*,*,#1264,.T.);
#1997=ORIENTED_EDGE('',*,*,#1261,.T.);
#1998=ORIENTED_EDGE('',*,*,#1258,.T.);
#1999=ORIENTED_EDGE('',*,*,#1458,.T.);
#2000=ORIENTED_EDGE('',*,*,#1459,.T.);
#2001=ORIENTED_EDGE('',*,*,#1460,.T.);
#2002=ORIENTED_EDGE('',*,*,#1461,.T.);
#2003=ORIENTED_EDGE('',*,*,#1461,.F.);
#2004=ORIENTED_EDGE('',*,*,#1462,.F.);
#2005=ORIENTED_EDGE('',*,*,#1463,.F.);
#2006=ORIENTED_EDGE('',*,*,#1464,.T.);
#2007=ORIENTED_EDGE('',*,*,#1465,.T.);
#2008=ORIENTED_EDGE('',*,*,#1466,.T.);
#2009=ORIENTED_EDGE('',*,*,#1467,.T.);
#2010=ORIENTED_EDGE('',*,*,#1468,.T.);
#2011=ORIENTED_EDGE('',*,*,#1459,.F.);
#2012=ORIENTED_EDGE('',*,*,#1469,.T.);
#2013=ORIENTED_EDGE('',*,*,#1468,.F.);
#2014=ORIENTED_EDGE('',*,*,#1470,.F.);
#2015=ORIENTED_EDGE('',*,*,#1466,.F.);
#2016=ORIENTED_EDGE('',*,*,#1471,.F.);
#2017=ORIENTED_EDGE('',*,*,#1472,.F.);
#2018=ORIENTED_EDGE('',*,*,#1473,.F.);
#2019=ORIENTED_EDGE('',*,*,#1462,.T.);
#2020=ORIENTED_EDGE('',*,*,#1460,.F.);
#2021=ORIENTED_EDGE('',*,*,#1470,.T.);
#2022=ORIENTED_EDGE('',*,*,#1467,.F.);
#2023=ORIENTED_EDGE('',*,*,#1473,.T.);
#2024=ORIENTED_EDGE('',*,*,#1474,.T.);
#2025=ORIENTED_EDGE('',*,*,#1475,.F.);
#2026=ORIENTED_EDGE('',*,*,#1449,.F.);
#2027=ORIENTED_EDGE('',*,*,#1476,.F.);
#2028=ORIENTED_EDGE('',*,*,#1477,.T.);
#2029=ORIENTED_EDGE('',*,*,#1457,.F.);
#2030=ORIENTED_EDGE('',*,*,#1478,.T.);
#2031=ORIENTED_EDGE('',*,*,#1479,.T.);
#2032=ORIENTED_EDGE('',*,*,#1478,.F.);
#2033=ORIENTED_EDGE('',*,*,#1479,.F.);
#2034=ORIENTED_EDGE('',*,*,#1456,.F.);
#2035=ORIENTED_EDGE('',*,*,#1480,.T.);
#2036=ORIENTED_EDGE('',*,*,#1481,.T.);
#2037=ORIENTED_EDGE('',*,*,#1480,.F.);
#2038=ORIENTED_EDGE('',*,*,#1481,.F.);
#2039=ORIENTED_EDGE('',*,*,#1455,.F.);
#2040=ORIENTED_EDGE('',*,*,#1482,.T.);
#2041=ORIENTED_EDGE('',*,*,#1483,.T.);
#2042=ORIENTED_EDGE('',*,*,#1482,.F.);
#2043=ORIENTED_EDGE('',*,*,#1483,.F.);
#2044=ORIENTED_EDGE('',*,*,#1454,.F.);
#2045=ORIENTED_EDGE('',*,*,#1484,.T.);
#2046=ORIENTED_EDGE('',*,*,#1485,.T.);
#2047=ORIENTED_EDGE('',*,*,#1484,.F.);
#2048=ORIENTED_EDGE('',*,*,#1485,.F.);
#2049=ORIENTED_EDGE('',*,*,#1486,.F.);
#2050=ORIENTED_EDGE('',*,*,#1487,.F.);
#2051=ORIENTED_EDGE('',*,*,#1488,.F.);
#2052=ORIENTED_EDGE('',*,*,#1489,.F.);
#2053=ORIENTED_EDGE('',*,*,#1490,.F.);
#2054=ORIENTED_EDGE('',*,*,#1491,.T.);
#2055=ORIENTED_EDGE('',*,*,#1492,.F.);
#2056=ORIENTED_EDGE('',*,*,#1491,.F.);
#2057=ORIENTED_EDGE('',*,*,#1493,.F.);
#2058=ORIENTED_EDGE('',*,*,#1494,.F.);
#2059=ORIENTED_EDGE('',*,*,#1495,.F.);
#2060=ORIENTED_EDGE('',*,*,#1496,.F.);
#2061=ORIENTED_EDGE('',*,*,#1497,.F.);
#2062=ORIENTED_EDGE('',*,*,#1498,.F.);
#2063=ORIENTED_EDGE('',*,*,#1499,.F.);
#2064=ORIENTED_EDGE('',*,*,#1500,.F.);
#2065=ORIENTED_EDGE('',*,*,#1501,.F.);
#2066=ORIENTED_EDGE('',*,*,#1502,.F.);
#2067=ORIENTED_EDGE('',*,*,#1503,.F.);
#2068=ORIENTED_EDGE('',*,*,#1504,.F.);
#2069=ORIENTED_EDGE('',*,*,#1505,.F.);
#2070=ORIENTED_EDGE('',*,*,#1506,.T.);
#2071=ORIENTED_EDGE('',*,*,#1507,.F.);
#2072=ORIENTED_EDGE('',*,*,#1506,.F.);
#2073=ORIENTED_EDGE('',*,*,#1508,.F.);
#2074=ORIENTED_EDGE('',*,*,#1509,.F.);
#2075=ORIENTED_EDGE('',*,*,#1510,.F.);
#2076=ORIENTED_EDGE('',*,*,#1511,.F.);
#2077=ORIENTED_EDGE('',*,*,#1512,.F.);
#2078=ORIENTED_EDGE('',*,*,#1513,.T.);
#2079=ORIENTED_EDGE('',*,*,#1514,.F.);
#2080=ORIENTED_EDGE('',*,*,#1513,.F.);
#2081=ORIENTED_EDGE('',*,*,#1515,.F.);
#2082=ORIENTED_EDGE('',*,*,#1516,.T.);
#2083=ORIENTED_EDGE('',*,*,#1517,.F.);
#2084=ORIENTED_EDGE('',*,*,#1516,.F.);
#2085=ORIENTED_EDGE('',*,*,#1518,.F.);
#2086=ORIENTED_EDGE('',*,*,#1519,.F.);
#2087=ORIENTED_EDGE('',*,*,#1520,.F.);
#2088=ORIENTED_EDGE('',*,*,#1521,.F.);
#2089=ORIENTED_EDGE('',*,*,#1522,.F.);
#2090=ORIENTED_EDGE('',*,*,#1523,.F.);
#2091=ORIENTED_EDGE('',*,*,#1524,.F.);
#2092=ORIENTED_EDGE('',*,*,#1525,.F.);
#2093=ORIENTED_EDGE('',*,*,#1526,.F.);
#2094=ORIENTED_EDGE('',*,*,#1527,.F.);
#2095=ORIENTED_EDGE('',*,*,#1528,.F.);
#2096=ORIENTED_EDGE('',*,*,#1529,.F.);
#2097=ORIENTED_EDGE('',*,*,#1530,.F.);
#2098=ORIENTED_EDGE('',*,*,#1531,.T.);
#2099=ORIENTED_EDGE('',*,*,#1532,.F.);
#2100=ORIENTED_EDGE('',*,*,#1531,.F.);
#2101=ORIENTED_EDGE('',*,*,#1533,.F.);
#2102=ORIENTED_EDGE('',*,*,#1534,.F.);
#2103=ORIENTED_EDGE('',*,*,#1535,.F.);
#2104=ORIENTED_EDGE('',*,*,#1536,.F.);
#2105=ORIENTED_EDGE('',*,*,#1521,.T.);
#2106=ORIENTED_EDGE('',*,*,#1537,.F.);
#2107=ORIENTED_EDGE('',*,*,#1523,.T.);
#2108=ORIENTED_EDGE('',*,*,#1538,.T.);
#2109=ORIENTED_EDGE('',*,*,#1502,.T.);
#2110=ORIENTED_EDGE('',*,*,#1539,.T.);
#2111=ORIENTED_EDGE('',*,*,#1529,.T.);
#2112=ORIENTED_EDGE('',*,*,#1540,.F.);
#2113=ORIENTED_EDGE('',*,*,#1498,.T.);
#2114=ORIENTED_EDGE('',*,*,#1541,.T.);
#2115=ORIENTED_EDGE('',*,*,#1525,.T.);
#2116=ORIENTED_EDGE('',*,*,#1542,.F.);
#2117=ORIENTED_EDGE('',*,*,#1500,.T.);
#2118=ORIENTED_EDGE('',*,*,#1543,.F.);
#2119=ORIENTED_EDGE('',*,*,#1544,.F.);
#2120=ORIENTED_EDGE('',*,*,#1545,.T.);
#2121=ORIENTED_EDGE('',*,*,#1494,.T.);
#2122=ORIENTED_EDGE('',*,*,#1546,.T.);
#2123=ORIENTED_EDGE('',*,*,#1504,.T.);
#2124=ORIENTED_EDGE('',*,*,#1547,.F.);
#2125=ORIENTED_EDGE('',*,*,#1496,.T.);
#2126=ORIENTED_EDGE('',*,*,#1548,.F.);
#2127=ORIENTED_EDGE('',*,*,#1519,.T.);
#2128=ORIENTED_EDGE('',*,*,#1549,.T.);
#2129=ORIENTED_EDGE('',*,*,#1487,.T.);
#2130=ORIENTED_EDGE('',*,*,#1550,.T.);
#2131=ORIENTED_EDGE('',*,*,#1551,.F.);
#2132=ORIENTED_EDGE('',*,*,#1552,.F.);
#2133=ORIENTED_EDGE('',*,*,#1489,.T.);
#2134=ORIENTED_EDGE('',*,*,#1553,.F.);
#2135=ORIENTED_EDGE('',*,*,#1527,.T.);
#2136=ORIENTED_EDGE('',*,*,#1554,.T.);
#2137=ORIENTED_EDGE('',*,*,#1534,.T.);
#2138=ORIENTED_EDGE('',*,*,#1555,.T.);
#2139=ORIENTED_EDGE('',*,*,#1556,.F.);
#2140=ORIENTED_EDGE('',*,*,#1557,.F.);
#2141=ORIENTED_EDGE('',*,*,#1458,.F.);
#2142=ORIENTED_EDGE('',*,*,#1464,.F.);
#2143=ORIENTED_EDGE('',*,*,#1558,.F.);
#2144=ORIENTED_EDGE('',*,*,#1509,.T.);
#2145=ORIENTED_EDGE('',*,*,#1559,.T.);
#2146=ORIENTED_EDGE('',*,*,#1536,.T.);
#2147=ORIENTED_EDGE('',*,*,#1560,.F.);
#2148=ORIENTED_EDGE('',*,*,#1471,.T.);
#2149=ORIENTED_EDGE('',*,*,#1465,.F.);
#2150=ORIENTED_EDGE('',*,*,#1469,.F.);
#2151=ORIENTED_EDGE('',*,*,#1511,.T.);
#2152=ORIENTED_EDGE('',*,*,#1561,.F.);
#2153=ORIENTED_EDGE('',*,*,#1562,.F.);
#2154=ORIENTED_EDGE('',*,*,#1563,.T.);
#2155=ORIENTED_EDGE('',*,*,#1463,.T.);
#2156=ORIENTED_EDGE('',*,*,#1477,.F.);
#2157=ORIENTED_EDGE('',*,*,#1564,.F.);
#2158=ORIENTED_EDGE('',*,*,#1565,.F.);
#2159=ORIENTED_EDGE('',*,*,#1566,.F.);
#2160=ORIENTED_EDGE('',*,*,#1567,.F.);
#2161=ORIENTED_EDGE('',*,*,#1568,.F.);
#2162=ORIENTED_EDGE('',*,*,#1569,.F.);
#2163=ORIENTED_EDGE('',*,*,#1570,.F.);
#2164=ORIENTED_EDGE('',*,*,#1474,.F.);
#2165=ORIENTED_EDGE('',*,*,#1472,.T.);
#2166=ORIENTED_EDGE('',*,*,#1560,.T.);
#2167=ORIENTED_EDGE('',*,*,#1535,.T.);
#2168=ORIENTED_EDGE('',*,*,#1557,.T.);
#2169=ORIENTED_EDGE('',*,*,#1571,.F.);
#2170=ORIENTED_EDGE('',*,*,#1572,.T.);
#2171=ORIENTED_EDGE('',*,*,#1573,.F.);
#2172=ORIENTED_EDGE('',*,*,#1543,.T.);
#2173=ORIENTED_EDGE('',*,*,#1499,.T.);
#2174=ORIENTED_EDGE('',*,*,#1542,.T.);
#2175=ORIENTED_EDGE('',*,*,#1524,.T.);
#2176=ORIENTED_EDGE('',*,*,#1537,.T.);
#2177=ORIENTED_EDGE('',*,*,#1520,.T.);
#2178=ORIENTED_EDGE('',*,*,#1548,.T.);
#2179=ORIENTED_EDGE('',*,*,#1495,.T.);
#2180=ORIENTED_EDGE('',*,*,#1547,.T.);
#2181=ORIENTED_EDGE('',*,*,#1503,.T.);
#2182=ORIENTED_EDGE('',*,*,#1540,.T.);
#2183=ORIENTED_EDGE('',*,*,#1528,.T.);
#2184=ORIENTED_EDGE('',*,*,#1553,.T.);
#2185=ORIENTED_EDGE('',*,*,#1488,.T.);
#2186=ORIENTED_EDGE('',*,*,#1552,.T.);
#2187=ORIENTED_EDGE('',*,*,#1574,.F.);
#2188=ORIENTED_EDGE('',*,*,#1575,.T.);
#2189=ORIENTED_EDGE('',*,*,#1576,.F.);
#2190=ORIENTED_EDGE('',*,*,#1561,.T.);
#2191=ORIENTED_EDGE('',*,*,#1510,.T.);
#2192=ORIENTED_EDGE('',*,*,#1558,.T.);
#2193=ORIENTED_EDGE('',*,*,#1577,.T.);
#2194=ORIENTED_EDGE('',*,*,#1578,.T.);
#2195=ORIENTED_EDGE('',*,*,#1579,.T.);
#2196=ORIENTED_EDGE('',*,*,#1580,.T.);
#2197=ORIENTED_EDGE('',*,*,#1532,.T.);
#2198=ORIENTED_EDGE('',*,*,#1517,.T.);
#2199=ORIENTED_EDGE('',*,*,#1514,.T.);
#2200=ORIENTED_EDGE('',*,*,#1507,.T.);
#2201=ORIENTED_EDGE('',*,*,#1492,.T.);
#2202=ORIENTED_EDGE('',*,*,#1574,.T.);
#2203=ORIENTED_EDGE('',*,*,#1551,.T.);
#2204=ORIENTED_EDGE('',*,*,#1581,.T.);
#2205=ORIENTED_EDGE('',*,*,#1582,.T.);
#2206=ORIENTED_EDGE('',*,*,#1582,.F.);
#2207=ORIENTED_EDGE('',*,*,#1583,.T.);
#2208=ORIENTED_EDGE('',*,*,#1584,.F.);
#2209=ORIENTED_EDGE('',*,*,#1575,.F.);
#2210=ORIENTED_EDGE('',*,*,#1486,.T.);
#2211=ORIENTED_EDGE('',*,*,#1554,.F.);
#2212=ORIENTED_EDGE('',*,*,#1526,.T.);
#2213=ORIENTED_EDGE('',*,*,#1539,.F.);
#2214=ORIENTED_EDGE('',*,*,#1501,.T.);
#2215=ORIENTED_EDGE('',*,*,#1546,.F.);
#2216=ORIENTED_EDGE('',*,*,#1493,.T.);
#2217=ORIENTED_EDGE('',*,*,#1549,.F.);
#2218=ORIENTED_EDGE('',*,*,#1518,.T.);
#2219=ORIENTED_EDGE('',*,*,#1538,.F.);
#2220=ORIENTED_EDGE('',*,*,#1522,.T.);
#2221=ORIENTED_EDGE('',*,*,#1541,.F.);
#2222=ORIENTED_EDGE('',*,*,#1497,.T.);
#2223=ORIENTED_EDGE('',*,*,#1545,.F.);
#2224=ORIENTED_EDGE('',*,*,#1585,.F.);
#2225=ORIENTED_EDGE('',*,*,#1586,.F.);
#2226=ORIENTED_EDGE('',*,*,#1587,.F.);
#2227=ORIENTED_EDGE('',*,*,#1555,.F.);
#2228=ORIENTED_EDGE('',*,*,#1533,.T.);
#2229=ORIENTED_EDGE('',*,*,#1559,.F.);
#2230=ORIENTED_EDGE('',*,*,#1508,.T.);
#2231=ORIENTED_EDGE('',*,*,#1563,.F.);
#2232=ORIENTED_EDGE('',*,*,#1588,.F.);
#2233=ORIENTED_EDGE('',*,*,#1583,.F.);
#2234=ORIENTED_EDGE('',*,*,#1581,.F.);
#2235=ORIENTED_EDGE('',*,*,#1550,.F.);
#2236=ORIENTED_EDGE('',*,*,#1490,.T.);
#2237=ORIENTED_EDGE('',*,*,#1505,.T.);
#2238=ORIENTED_EDGE('',*,*,#1512,.T.);
#2239=ORIENTED_EDGE('',*,*,#1515,.T.);
#2240=ORIENTED_EDGE('',*,*,#1530,.T.);
#2241=ORIENTED_EDGE('',*,*,#1589,.F.);
#2242=ORIENTED_EDGE('',*,*,#1590,.F.);
#2243=ORIENTED_EDGE('',*,*,#1591,.F.);
#2244=ORIENTED_EDGE('',*,*,#1592,.F.);
#2245=ORIENTED_EDGE('',*,*,#1446,.T.);
#2246=ORIENTED_EDGE('',*,*,#1593,.T.);
#2247=ORIENTED_EDGE('',*,*,#1566,.T.);
#2248=ORIENTED_EDGE('',*,*,#1594,.T.);
#2249=ORIENTED_EDGE('',*,*,#1594,.F.);
#2250=ORIENTED_EDGE('',*,*,#1565,.T.);
#2251=ORIENTED_EDGE('',*,*,#1595,.F.);
#2252=ORIENTED_EDGE('',*,*,#1447,.F.);
#2253=ORIENTED_EDGE('',*,*,#1573,.T.);
#2254=ORIENTED_EDGE('',*,*,#1596,.T.);
#2255=ORIENTED_EDGE('',*,*,#1585,.T.);
#2256=ORIENTED_EDGE('',*,*,#1544,.T.);
#2257=ORIENTED_EDGE('',*,*,#1596,.F.);
#2258=ORIENTED_EDGE('',*,*,#1572,.F.);
#2259=ORIENTED_EDGE('',*,*,#1597,.F.);
#2260=ORIENTED_EDGE('',*,*,#1586,.T.);
#2261=ORIENTED_EDGE('',*,*,#1452,.T.);
#2262=ORIENTED_EDGE('',*,*,#1598,.T.);
#2263=ORIENTED_EDGE('',*,*,#1568,.T.);
#2264=ORIENTED_EDGE('',*,*,#1599,.T.);
#2265=ORIENTED_EDGE('',*,*,#1593,.F.);
#2266=ORIENTED_EDGE('',*,*,#1453,.F.);
#2267=ORIENTED_EDGE('',*,*,#1599,.F.);
#2268=ORIENTED_EDGE('',*,*,#1567,.T.);
#2269=ORIENTED_EDGE('',*,*,#1571,.T.);
#2270=ORIENTED_EDGE('',*,*,#1556,.T.);
#2271=ORIENTED_EDGE('',*,*,#1587,.T.);
#2272=ORIENTED_EDGE('',*,*,#1597,.T.);
#2273=ORIENTED_EDGE('',*,*,#1450,.T.);
#2274=ORIENTED_EDGE('',*,*,#1475,.T.);
#2275=ORIENTED_EDGE('',*,*,#1570,.T.);
#2276=ORIENTED_EDGE('',*,*,#1600,.T.);
#2277=ORIENTED_EDGE('',*,*,#1598,.F.);
#2278=ORIENTED_EDGE('',*,*,#1451,.F.);
#2279=ORIENTED_EDGE('',*,*,#1600,.F.);
#2280=ORIENTED_EDGE('',*,*,#1569,.T.);
#2281=ORIENTED_EDGE('',*,*,#1448,.T.);
#2282=ORIENTED_EDGE('',*,*,#1595,.T.);
#2283=ORIENTED_EDGE('',*,*,#1564,.T.);
#2284=ORIENTED_EDGE('',*,*,#1476,.T.);
#2285=ORIENTED_EDGE('',*,*,#1576,.T.);
#2286=ORIENTED_EDGE('',*,*,#1584,.T.);
#2287=ORIENTED_EDGE('',*,*,#1588,.T.);
#2288=ORIENTED_EDGE('',*,*,#1562,.T.);
#2289=ORIENTED_EDGE('',*,*,#1577,.F.);
#2290=ORIENTED_EDGE('',*,*,#1601,.T.);
#2291=ORIENTED_EDGE('',*,*,#1589,.T.);
#2292=ORIENTED_EDGE('',*,*,#1601,.F.);
#2293=ORIENTED_EDGE('',*,*,#1578,.F.);
#2294=ORIENTED_EDGE('',*,*,#1602,.T.);
#2295=ORIENTED_EDGE('',*,*,#1590,.T.);
#2296=ORIENTED_EDGE('',*,*,#1602,.F.);
#2297=ORIENTED_EDGE('',*,*,#1579,.F.);
#2298=ORIENTED_EDGE('',*,*,#1603,.T.);
#2299=ORIENTED_EDGE('',*,*,#1591,.T.);
#2300=ORIENTED_EDGE('',*,*,#1603,.F.);
#2301=ORIENTED_EDGE('',*,*,#1580,.F.);
#2302=ORIENTED_EDGE('',*,*,#1604,.T.);
#2303=ORIENTED_EDGE('',*,*,#1592,.T.);
#2304=ORIENTED_EDGE('',*,*,#1604,.F.);
#2305=ORIENTED_EDGE('',*,*,#1296,.T.);
#2306=ORIENTED_EDGE('',*,*,#1341,.T.);
#2307=B_SPLINE_SURFACE_WITH_KNOTS('',3,1,((#3191,#3192),(#3193,#3194),(#3195,
#3196),(#3197,#3198),(#3199,#3200)),.UNSPECIFIED.,.F.,.F.,.F.,(4,1,4),(2,
2),(0.,0.00231948744428064,0.0046702384206762),(0.,0.05),.UNSPECIFIED.);
#2308=B_SPLINE_SURFACE_WITH_KNOTS('',3,1,((#3217,#3218),(#3219,#3220),(#3221,
#3222),(#3223,#3224),(#3225,#3226)),.UNSPECIFIED.,.F.,.F.,.F.,(4,1,4),(2,
2),(0.,0.00608776053212675,0.0121186267526949),(0.,0.05),.UNSPECIFIED.);
#2309=B_SPLINE_SURFACE_WITH_KNOTS('',3,1,((#3240,#3241),(#3242,#3243),(#3244,
#3245),(#3246,#3247),(#3248,#3249)),.UNSPECIFIED.,.F.,.F.,.F.,(4,1,4),(2,
2),(0.,0.00364848760516662,0.00738024077555816),(0.,0.05),.UNSPECIFIED.);
#2310=B_SPLINE_SURFACE_WITH_KNOTS('',3,1,((#3275,#3276),(#3277,#3278),(#3279,
#3280),(#3281,#3282),(#3283,#3284)),.UNSPECIFIED.,.F.,.F.,.F.,(4,1,4),(2,
2),(0.,0.0033471106085097,0.00576472837159059),(0.,0.05),.UNSPECIFIED.);
#2311=B_SPLINE_SURFACE_WITH_KNOTS('',3,1,((#3298,#3299),(#3300,#3301),(#3302,
#3303),(#3304,#3305),(#3306,#3307)),.UNSPECIFIED.,.F.,.F.,.F.,(4,1,4),(2,
2),(0.,0.00602383096871349,0.0120485548920495),(0.,0.05),.UNSPECIFIED.);
#2312=B_SPLINE_SURFACE_WITH_KNOTS('',3,1,((#3321,#3322),(#3323,#3324),(#3325,
#3326),(#3327,#3328),(#3329,#3330)),.UNSPECIFIED.,.F.,.F.,.F.,(4,1,4),(2,
2),(0.,0.00230737102764894,0.00465645972607051),(0.,0.05),.UNSPECIFIED.);
#2313=B_SPLINE_SURFACE_WITH_KNOTS('',3,1,((#3356,#3357),(#3358,#3359),(#3360,
#3361),(#3362,#3363),(#3364,#3365)),.UNSPECIFIED.,.F.,.F.,.F.,(4,1,4),(2,
2),(0.,0.00601072565072751,0.01203299608591),(0.,0.05),.UNSPECIFIED.);
#2314=B_SPLINE_SURFACE_WITH_KNOTS('',3,1,((#3379,#3380),(#3381,#3382),(#3383,
#3384),(#3385,#3386),(#3387,#3388)),.UNSPECIFIED.,.F.,.F.,.F.,(4,1,4),(2,
2),(0.,0.00602940349912852,0.0121041472053092),(0.,0.05),.UNSPECIFIED.);
#2315=B_SPLINE_SURFACE_WITH_KNOTS('',3,1,((#3510,#3511),(#3512,#3513),(#3514,
#3515),(#3516,#3517),(#3518,#3519)),.UNSPECIFIED.,.F.,.F.,.F.,(4,1,4),(2,
2),(0.,0.00216750171330955,0.00477163257386748),(0.,0.05),.UNSPECIFIED.);
#2316=B_SPLINE_SURFACE_WITH_KNOTS('',3,1,((#3536,#3537),(#3538,#3539),(#3540,
#3541),(#3542,#3543),(#3544,#3545)),.UNSPECIFIED.,.F.,.F.,.F.,(4,1,4),(2,
2),(0.,0.00608097902706315,0.012049957456372),(0.,0.05),.UNSPECIFIED.);
#2317=B_SPLINE_SURFACE_WITH_KNOTS('',3,1,((#3565,#3566),(#3567,#3568),(#3569,
#3570),(#3571,#3572),(#3573,#3574)),.UNSPECIFIED.,.F.,.F.,.F.,(4,1,4),(2,
2),(0.,0.0060108342739487,0.0120341157190397),(0.,0.05),.UNSPECIFIED.);
#2318=B_SPLINE_SURFACE_WITH_KNOTS('',3,1,((#3588,#3589),(#3590,#3591),(#3592,
#3593),(#3594,#3595),(#3596,#3597)),.UNSPECIFIED.,.F.,.F.,.F.,(4,1,4),(2,
2),(0.,0.00602328144509098,0.0120341086526295),(0.,0.05),.UNSPECIFIED.);
#2319=B_SPLINE_SURFACE_WITH_KNOTS('',3,1,((#3623,#3624),(#3625,#3626),(#3627,
#3628),(#3629,#3630),(#3631,#3632)),.UNSPECIFIED.,.F.,.F.,.F.,(4,1,4),(2,
2),(0.,0.00211488441726305,0.00464719853751119),(0.,0.05),.UNSPECIFIED.);
#2320=B_SPLINE_SURFACE_WITH_KNOTS('',3,1,((#3646,#3647),(#3648,#3649),(#3650,
#3651),(#3652,#3653),(#3654,#3655)),.UNSPECIFIED.,.F.,.F.,.F.,(4,1,4),(2,
2),(0.,0.0060248346498285,0.0120496622314152),(0.,0.05),.UNSPECIFIED.);
#2321=B_SPLINE_SURFACE_WITH_KNOTS('',3,1,((#3675,#3676),(#3677,#3678),(#3679,
#3680),(#3681,#3682),(#3683,#3684)),.UNSPECIFIED.,.F.,.F.,.F.,(4,1,4),(2,
2),(0.,0.0060178894921096,0.0121042224858654),(0.,0.05),.UNSPECIFIED.);
#2322=B_SPLINE_SURFACE_WITH_KNOTS('',3,1,((#3698,#3699),(#3700,#3701),(#3702,
#3703),(#3704,#3705),(#3706,#3707)),.UNSPECIFIED.,.F.,.F.,.F.,(4,1,4),(2,
2),(0.,0.00608633299375582,0.0121042224858654),(0.,0.05),.UNSPECIFIED.);
#2323=B_SPLINE_SURFACE_WITH_KNOTS('',3,1,((#3731,#3732),(#3733,#3734),(#3735,
#3736),(#3737,#3738),(#3739,#3740)),.UNSPECIFIED.,.F.,.F.,.F.,(4,1,4),(2,
2),(0.,0.00243710944498123,0.00548032491155157),(0.,0.05),.UNSPECIFIED.);
#2324=B_SPLINE_SURFACE_WITH_KNOTS('',3,1,((#3757,#3758),(#3759,#3760),(#3761,
#3762),(#3763,#3764),(#3765,#3766)),.UNSPECIFIED.,.F.,.F.,.F.,(4,1,4),(2,
2),(0.,0.00608777468503805,0.0121186409056062),(0.,0.05),.UNSPECIFIED.);
#2325=B_SPLINE_SURFACE_WITH_KNOTS('',3,1,((#3780,#3781),(#3782,#3783),(#3784,
#3785),(#3786,#3787),(#3788,#3789)),.UNSPECIFIED.,.F.,.F.,.F.,(4,1,4),(2,
2),(0.,0.00369789411879557,0.00746540079432051),(0.,0.05),.UNSPECIFIED.);
#2326=B_SPLINE_SURFACE_WITH_KNOTS('',3,1,((#3815,#3816),(#3817,#3818),(#3819,
#3820),(#3821,#3822),(#3823,#3824)),.UNSPECIFIED.,.F.,.F.,.F.,(4,1,4),(2,
2),(0.,0.00380108691309775,0.00750666926474922),(0.,0.05),.UNSPECIFIED.);
#2327=B_SPLINE_SURFACE_WITH_KNOTS('',3,1,((#3838,#3839),(#3840,#3841),(#3842,
#3843),(#3844,#3845),(#3846,#3847)),.UNSPECIFIED.,.F.,.F.,.F.,(4,1,4),(2,
2),(0.,0.00602383096871349,0.0120485548920495),(0.,0.05),.UNSPECIFIED.);
#2328=B_SPLINE_SURFACE_WITH_KNOTS('',3,1,((#3861,#3862),(#3863,#3864),(#3865,
#3866),(#3867,#3868),(#3869,#3870)),.UNSPECIFIED.,.F.,.F.,.F.,(4,1,4),(2,
2),(0.,0.00299300890758403,0.00546039434065444),(0.,0.05),.UNSPECIFIED.);
#2329=B_SPLINE_SURFACE_WITH_KNOTS('',3,1,((#3896,#3897),(#3898,#3899),(#3900,
#3901),(#3902,#3903),(#3904,#3905)),.UNSPECIFIED.,.F.,.F.,.F.,(4,1,4),(2,
2),(0.,0.00245418679373582,0.00546407509013739),(0.,0.05),.UNSPECIFIED.);
#2330=B_SPLINE_SURFACE_WITH_KNOTS('',3,1,((#3919,#3920),(#3921,#3922),(#3923,
#3924),(#3925,#3926),(#3927,#3928)),.UNSPECIFIED.,.F.,.F.,.F.,(4,1,4),(2,
2),(0.,0.00602472274484346,0.0120485478236835),(0.,0.05),.UNSPECIFIED.);
#2331=B_SPLINE_SURFACE_WITH_KNOTS('',3,1,((#3942,#3943),(#3944,#3945),(#3946,
#3947),(#3948,#3949),(#3950,#3951)),.UNSPECIFIED.,.F.,.F.,.F.,(4,1,4),(2,
2),(0.,0.00368452779518499,0.00749296657337094),(0.,0.05),.UNSPECIFIED.);
#2332=B_SPLINE_SURFACE_WITH_KNOTS('',3,1,((#3977,#3978),(#3979,#3980),(#3981,
#3982),(#3983,#3984),(#3985,#3986)),.UNSPECIFIED.,.F.,.F.,.F.,(4,1,4),(2,
2),(0.,0.00377484959064082,0.00745166070616623),(0.,0.05),.UNSPECIFIED.);
#2333=B_SPLINE_SURFACE_WITH_KNOTS('',3,1,((#4000,#4001),(#4002,#4003),(#4004,
#4005),(#4006,#4007),(#4008,#4009)),.UNSPECIFIED.,.F.,.F.,.F.,(4,1,4),(2,
2),(0.,0.00603086392284197,0.0121186267862685),(0.,0.05),.UNSPECIFIED.);
#2334=B_SPLINE_SURFACE_WITH_KNOTS('',3,1,((#4023,#4024),(#4025,#4026),(#4027,
#4028),(#4029,#4030),(#4031,#4032)),.UNSPECIFIED.,.F.,.F.,.F.,(4,1,4),(2,
2),(0.,0.0030505700790936,0.00547320175870237),(0.,0.05),.UNSPECIFIED.);
#2335=ADVANCED_FACE('',(#200),#2307,.F.);
#2336=ADVANCED_FACE('',(#201),#2308,.F.);
#2337=ADVANCED_FACE('',(#202),#2309,.F.);
#2338=ADVANCED_FACE('',(#203),#127,.F.);
#2339=ADVANCED_FACE('',(#204),#128,.F.);
#2340=ADVANCED_FACE('',(#205),#2310,.F.);
#2341=ADVANCED_FACE('',(#206),#2311,.F.);
#2342=ADVANCED_FACE('',(#207),#2312,.F.);
#2343=ADVANCED_FACE('',(#208),#129,.F.);
#2344=ADVANCED_FACE('',(#209),#130,.F.);
#2345=ADVANCED_FACE('',(#210),#2313,.F.);
#2346=ADVANCED_FACE('',(#211),#2314,.F.);
#2347=ADVANCED_FACE('',(#212),#131,.F.);
#2348=ADVANCED_FACE('',(#213),#132,.F.);
#2349=ADVANCED_FACE('',(#214),#133,.T.);
#2350=ADVANCED_FACE('',(#215),#99,.T.);
#2351=ADVANCED_FACE('',(#216),#134,.F.);
#2352=ADVANCED_FACE('',(#217),#135,.F.);
#2353=ADVANCED_FACE('',(#218),#136,.F.);
#2354=ADVANCED_FACE('',(#219),#137,.F.);
#2355=ADVANCED_FACE('',(#220),#138,.F.);
#2356=ADVANCED_FACE('',(#221),#139,.F.);
#2357=ADVANCED_FACE('',(#222),#100,.F.);
#2358=ADVANCED_FACE('',(#223),#140,.F.);
#2359=ADVANCED_FACE('',(#224),#141,.F.);
#2360=ADVANCED_FACE('',(#225),#142,.F.);
#2361=ADVANCED_FACE('',(#226),#143,.F.);
#2362=ADVANCED_FACE('',(#227),#144,.F.);
#2363=ADVANCED_FACE('',(#228),#145,.F.);
#2364=ADVANCED_FACE('',(#229),#101,.F.);
#2365=ADVANCED_FACE('',(#230,#15),#146,.T.);
#2366=ADVANCED_FACE('',(#231),#102,.F.);
#2367=ADVANCED_FACE('',(#232),#147,.T.);
#2368=ADVANCED_FACE('',(#233),#2315,.F.);
#2369=ADVANCED_FACE('',(#234),#2316,.F.);
#2370=ADVANCED_FACE('',(#235),#148,.F.);
#2371=ADVANCED_FACE('',(#236),#2317,.F.);
#2372=ADVANCED_FACE('',(#237),#2318,.F.);
#2373=ADVANCED_FACE('',(#238),#149,.F.);
#2374=ADVANCED_FACE('',(#239),#150,.F.);
#2375=ADVANCED_FACE('',(#240),#2319,.F.);
#2376=ADVANCED_FACE('',(#241),#2320,.F.);
#2377=ADVANCED_FACE('',(#242),#151,.F.);
#2378=ADVANCED_FACE('',(#243),#2321,.F.);
#2379=ADVANCED_FACE('',(#244),#2322,.F.);
#2380=ADVANCED_FACE('',(#245),#152,.F.);
#2381=ADVANCED_FACE('',(#246),#153,.F.);
#2382=ADVANCED_FACE('',(#247),#154,.T.);
#2383=ADVANCED_FACE('',(#248),#2323,.F.);
#2384=ADVANCED_FACE('',(#249),#2324,.F.);
#2385=ADVANCED_FACE('',(#250),#2325,.F.);
#2386=ADVANCED_FACE('',(#251),#155,.F.);
#2387=ADVANCED_FACE('',(#252),#156,.F.);
#2388=ADVANCED_FACE('',(#253),#2326,.F.);
#2389=ADVANCED_FACE('',(#254),#2327,.F.);
#2390=ADVANCED_FACE('',(#255),#2328,.F.);
#2391=ADVANCED_FACE('',(#256),#157,.F.);
#2392=ADVANCED_FACE('',(#257),#158,.F.);
#2393=ADVANCED_FACE('',(#258),#2329,.F.);
#2394=ADVANCED_FACE('',(#259),#2330,.F.);
#2395=ADVANCED_FACE('',(#260),#2331,.F.);
#2396=ADVANCED_FACE('',(#261),#159,.F.);
#2397=ADVANCED_FACE('',(#262),#160,.F.);
#2398=ADVANCED_FACE('',(#263),#2332,.F.);
#2399=ADVANCED_FACE('',(#264),#2333,.F.);
#2400=ADVANCED_FACE('',(#265),#2334,.F.);
#2401=ADVANCED_FACE('',(#266),#161,.F.);
#2402=ADVANCED_FACE('',(#267),#162,.F.);
#2403=ADVANCED_FACE('',(#268),#163,.T.);
#2404=ADVANCED_FACE('',(#269,#16,#17,#18,#19,#20,#21,#22,#23),#164,.T.);
#2405=ADVANCED_FACE('',(#270),#103,.T.);
#2406=ADVANCED_FACE('',(#271),#165,.T.);
#2407=ADVANCED_FACE('',(#272),#104,.T.);
#2408=ADVANCED_FACE('',(#273),#166,.T.);
#2409=ADVANCED_FACE('',(#274),#167,.T.);
#2410=ADVANCED_FACE('',(#275),#168,.T.);
#2411=ADVANCED_FACE('',(#276),#105,.F.);
#2412=ADVANCED_FACE('',(#277),#169,.T.);
#2413=ADVANCED_FACE('',(#278),#106,.F.);
#2414=ADVANCED_FACE('',(#279),#170,.T.);
#2415=ADVANCED_FACE('',(#280),#107,.F.);
#2416=ADVANCED_FACE('',(#281),#171,.T.);
#2417=ADVANCED_FACE('',(#282),#108,.F.);
#2418=ADVANCED_FACE('',(#283),#172,.T.);
#2419=ADVANCED_FACE('',(#284),#109,.F.);
#2420=ADVANCED_FACE('',(#285),#110,.F.);
#2421=ADVANCED_FACE('',(#286),#111,.F.);
#2422=ADVANCED_FACE('',(#287),#112,.F.);
#2423=ADVANCED_FACE('',(#288),#113,.F.);
#2424=ADVANCED_FACE('',(#289),#114,.F.);
#2425=ADVANCED_FACE('',(#290),#115,.F.);
#2426=ADVANCED_FACE('',(#291),#116,.F.);
#2427=ADVANCED_FACE('',(#292),#117,.F.);
#2428=ADVANCED_FACE('',(#293),#118,.F.);
#2429=ADVANCED_FACE('',(#294),#119,.F.);
#2430=ADVANCED_FACE('',(#295),#120,.F.);
#2431=ADVANCED_FACE('',(#296),#121,.F.);
#2432=ADVANCED_FACE('',(#297),#122,.F.);
#2433=ADVANCED_FACE('',(#298),#173,.T.);
#2434=ADVANCED_FACE('',(#299),#174,.T.);
#2435=ADVANCED_FACE('',(#300),#175,.T.);
#2436=ADVANCED_FACE('',(#301),#176,.T.);
#2437=ADVANCED_FACE('',(#302),#177,.T.);
#2438=ADVANCED_FACE('',(#303),#178,.T.);
#2439=ADVANCED_FACE('',(#304),#179,.T.);
#2440=ADVANCED_FACE('',(#305),#180,.T.);
#2441=ADVANCED_FACE('',(#306),#181,.T.);
#2442=ADVANCED_FACE('',(#307),#182,.T.);
#2443=ADVANCED_FACE('',(#308),#183,.T.);
#2444=ADVANCED_FACE('',(#309,#24,#25,#26,#27,#28,#29,#30,#31,#32),#184,
 .T.);
#2445=ADVANCED_FACE('',(#310),#185,.T.);
#2446=ADVANCED_FACE('',(#311),#186,.T.);
#2447=ADVANCED_FACE('',(#312,#33,#34,#35,#36,#37,#38,#39,#40,#41),#187,
 .F.);
#2448=ADVANCED_FACE('',(#313),#188,.T.);
#2449=ADVANCED_FACE('',(#314),#189,.T.);
#2450=ADVANCED_FACE('',(#315),#190,.T.);
#2451=ADVANCED_FACE('',(#316),#191,.T.);
#2452=ADVANCED_FACE('',(#317),#192,.T.);
#2453=ADVANCED_FACE('',(#318),#193,.T.);
#2454=ADVANCED_FACE('',(#319),#194,.T.);
#2455=ADVANCED_FACE('',(#320),#195,.T.);
#2456=ADVANCED_FACE('',(#321),#196,.T.);
#2457=ADVANCED_FACE('',(#322),#197,.T.);
#2458=ADVANCED_FACE('',(#323),#198,.T.);
#2459=ADVANCED_FACE('',(#324),#123,.F.);
#2460=ADVANCED_FACE('',(#325),#124,.F.);
#2461=ADVANCED_FACE('',(#326),#125,.F.);
#2462=ADVANCED_FACE('',(#327),#126,.F.);
#2463=ADVANCED_FACE('',(#328,#42),#199,.T.);
#2464=CLOSED_SHELL('',(#2335,#2336,#2337,#2338,#2339,#2340,#2341,#2342,
#2343,#2344,#2345,#2346,#2347,#2348,#2349,#2350,#2351,#2352,#2353,#2354,
#2355,#2356,#2357,#2358,#2359,#2360,#2361,#2362,#2363,#2364,#2365,#2366,
#2367,#2368,#2369,#2370,#2371,#2372,#2373,#2374,#2375,#2376,#2377,#2378,
#2379,#2380,#2381,#2382,#2383,#2384,#2385,#2386,#2387,#2388,#2389,#2390,
#2391,#2392,#2393,#2394,#2395,#2396,#2397,#2398,#2399,#2400,#2401,#2402,
#2403,#2404,#2405,#2406,#2407,#2408,#2409,#2410,#2411,#2412,#2413,#2414,
#2415,#2416,#2417,#2418,#2419,#2420,#2421,#2422,#2423,#2424,#2425,#2426,
#2427,#2428,#2429,#2430,#2431,#2432,#2433,#2434,#2435,#2436,#2437,#2438,
#2439,#2440,#2441,#2442,#2443,#2444,#2445,#2446,#2447,#2448,#2449,#2450,
#2451,#2452,#2453,#2454,#2455,#2456,#2457,#2458,#2459,#2460,#2461,#2462,
#2463));
#2465=DERIVED_UNIT_ELEMENT(#2467,1.);
#2466=DERIVED_UNIT_ELEMENT(#4386,-3.);
#2467=(
MASS_UNIT()
NAMED_UNIT(*)
SI_UNIT(.KILO.,.GRAM.)
);
#2468=DERIVED_UNIT((#2465,#2466));
#2469=MEASURE_REPRESENTATION_ITEM('density measure',
POSITIVE_RATIO_MEASURE(7850.),#2468);
#2470=PROPERTY_DEFINITION_REPRESENTATION(#2475,#2472);
#2471=PROPERTY_DEFINITION_REPRESENTATION(#2476,#2473);
#2472=REPRESENTATION('material name',(#2474),#4383);
#2473=REPRESENTATION('density',(#2469),#4383);
#2474=DESCRIPTIVE_REPRESENTATION_ITEM('Steel','Steel');
#2475=PROPERTY_DEFINITION('material property','material name',#4393);
#2476=PROPERTY_DEFINITION('material property','density of part',#4393);
#2477=AXIS2_PLACEMENT_3D('',#3190,#2635,#2636);
#2478=AXIS2_PLACEMENT_3D('',#3263,#2641,#2642);
#2479=AXIS2_PLACEMENT_3D('',#3269,#2646,#2647);
#2480=AXIS2_PLACEMENT_3D('',#3344,#2654,#2655);
#2481=AXIS2_PLACEMENT_3D('',#3350,#2659,#2660);
#2482=AXIS2_PLACEMENT_3D('',#3402,#2666,#2667);
#2483=AXIS2_PLACEMENT_3D('',#3408,#2671,#2672);
#2484=AXIS2_PLACEMENT_3D('',#3411,#2675,#2676);
#2485=AXIS2_PLACEMENT_3D('',#3412,#2677,#2678);
#2486=AXIS2_PLACEMENT_3D('',#3414,#2679,#2680);
#2487=AXIS2_PLACEMENT_3D('',#3417,#2682,#2683);
#2488=AXIS2_PLACEMENT_3D('',#3418,#2684,#2685);
#2489=AXIS2_PLACEMENT_3D('',#3427,#2690,#2691);
#2490=AXIS2_PLACEMENT_3D('',#3433,#2695,#2696);
#2491=AXIS2_PLACEMENT_3D('',#3439,#2700,#2701);
#2492=AXIS2_PLACEMENT_3D('',#3445,#2705,#2706);
#2493=AXIS2_PLACEMENT_3D('',#3451,#2710,#2711);
#2494=AXIS2_PLACEMENT_3D('',#3457,#2715,#2716);
#2495=AXIS2_PLACEMENT_3D('',#3459,#2717,#2718);
#2496=AXIS2_PLACEMENT_3D('',#3462,#2720,#2721);
#2497=AXIS2_PLACEMENT_3D('',#3463,#2722,#2723);
#2498=AXIS2_PLACEMENT_3D('',#3469,#2727,#2728);
#2499=AXIS2_PLACEMENT_3D('',#3475,#2732,#2733);
#2500=AXIS2_PLACEMENT_3D('',#3481,#2737,#2738);
#2501=AXIS2_PLACEMENT_3D('',#3487,#2742,#2743);
#2502=AXIS2_PLACEMENT_3D('',#3493,#2747,#2748);
#2503=AXIS2_PLACEMENT_3D('',#3499,#2752,#2753);
#2504=AXIS2_PLACEMENT_3D('',#3500,#2754,#2755);
#2505=AXIS2_PLACEMENT_3D('',#3501,#2756,#2757);
#2506=AXIS2_PLACEMENT_3D('',#3502,#2758,#2759);
#2507=AXIS2_PLACEMENT_3D('',#3503,#2760,#2761);
#2508=AXIS2_PLACEMENT_3D('',#3505,#2762,#2763);
#2509=AXIS2_PLACEMENT_3D('',#3508,#2765,#2766);
#2510=AXIS2_PLACEMENT_3D('',#3509,#2767,#2768);
#2511=AXIS2_PLACEMENT_3D('',#3559,#2772,#2773);
#2512=AXIS2_PLACEMENT_3D('',#3611,#2779,#2780);
#2513=AXIS2_PLACEMENT_3D('',#3617,#2784,#2785);
#2514=AXIS2_PLACEMENT_3D('',#3669,#2791,#2792);
#2515=AXIS2_PLACEMENT_3D('',#3721,#2798,#2799);
#2516=AXIS2_PLACEMENT_3D('',#3727,#2803,#2804);
#2517=AXIS2_PLACEMENT_3D('',#3730,#2807,#2808);
#2518=AXIS2_PLACEMENT_3D('',#3803,#2813,#2814);
#2519=AXIS2_PLACEMENT_3D('',#3809,#2818,#2819);
#2520=AXIS2_PLACEMENT_3D('',#3884,#2826,#2827);
#2521=AXIS2_PLACEMENT_3D('',#3890,#2831,#2832);
#2522=AXIS2_PLACEMENT_3D('',#3965,#2839,#2840);
#2523=AXIS2_PLACEMENT_3D('',#3971,#2844,#2845);
#2524=AXIS2_PLACEMENT_3D('',#4046,#2852,#2853);
#2525=AXIS2_PLACEMENT_3D('',#4052,#2857,#2858);
#2526=AXIS2_PLACEMENT_3D('',#4055,#2861,#2862);
#2527=AXIS2_PLACEMENT_3D('',#4056,#2863,#2864);
#2528=AXIS2_PLACEMENT_3D('',#4074,#2873,#2874);
#2529=AXIS2_PLACEMENT_3D('',#4076,#2875,#2876);
#2530=AXIS2_PLACEMENT_3D('',#4078,#2877,#2878);
#2531=AXIS2_PLACEMENT_3D('',#4080,#2879,#2880);
#2532=AXIS2_PLACEMENT_3D('',#4081,#2881,#2882);
#2533=AXIS2_PLACEMENT_3D('',#4084,#2883,#2884);
#2534=AXIS2_PLACEMENT_3D('',#4088,#2886,#2887);
#2535=AXIS2_PLACEMENT_3D('',#4090,#2889,#2890);
#2536=AXIS2_PLACEMENT_3D('',#4096,#2894,#2895);
#2537=AXIS2_PLACEMENT_3D('',#4099,#2896,#2897);
#2538=AXIS2_PLACEMENT_3D('',#4103,#2899,#2900);
#2539=AXIS2_PLACEMENT_3D('',#4105,#2902,#2903);
#2540=AXIS2_PLACEMENT_3D('',#4108,#2906,#2907);
#2541=AXIS2_PLACEMENT_3D('',#4114,#2911,#2912);
#2542=AXIS2_PLACEMENT_3D('',#4121,#2917,#2918);
#2543=AXIS2_PLACEMENT_3D('',#4124,#2920,#2921);
#2544=AXIS2_PLACEMENT_3D('',#4125,#2922,#2923);
#2545=AXIS2_PLACEMENT_3D('',#4126,#2924,#2925);
#2546=AXIS2_PLACEMENT_3D('',#4129,#2927,#2928);
#2547=AXIS2_PLACEMENT_3D('',#4130,#2929,#2930);
#2548=AXIS2_PLACEMENT_3D('',#4131,#2931,#2932);
#2549=AXIS2_PLACEMENT_3D('',#4134,#2934,#2935);
#2550=AXIS2_PLACEMENT_3D('',#4135,#2936,#2937);
#2551=AXIS2_PLACEMENT_3D('',#4136,#2938,#2939);
#2552=AXIS2_PLACEMENT_3D('',#4139,#2941,#2942);
#2553=AXIS2_PLACEMENT_3D('',#4140,#2943,#2944);
#2554=AXIS2_PLACEMENT_3D('',#4141,#2945,#2946);
#2555=AXIS2_PLACEMENT_3D('',#4144,#2947,#2948);
#2556=AXIS2_PLACEMENT_3D('',#4148,#2950,#2951);
#2557=AXIS2_PLACEMENT_3D('',#4150,#2953,#2954);
#2558=AXIS2_PLACEMENT_3D('',#4152,#2955,#2956);
#2559=AXIS2_PLACEMENT_3D('',#4155,#2958,#2959);
#2560=AXIS2_PLACEMENT_3D('',#4156,#2960,#2961);
#2561=AXIS2_PLACEMENT_3D('',#4159,#2962,#2963);
#2562=AXIS2_PLACEMENT_3D('',#4163,#2965,#2966);
#2563=AXIS2_PLACEMENT_3D('',#4165,#2968,#2969);
#2564=AXIS2_PLACEMENT_3D('',#4168,#2970,#2971);
#2565=AXIS2_PLACEMENT_3D('',#4172,#2973,#2974);
#2566=AXIS2_PLACEMENT_3D('',#4174,#2976,#2977);
#2567=AXIS2_PLACEMENT_3D('',#4177,#2978,#2979);
#2568=AXIS2_PLACEMENT_3D('',#4181,#2981,#2982);
#2569=AXIS2_PLACEMENT_3D('',#4183,#2984,#2985);
#2570=AXIS2_PLACEMENT_3D('',#4185,#2986,#2987);
#2571=AXIS2_PLACEMENT_3D('',#4188,#2989,#2990);
#2572=AXIS2_PLACEMENT_3D('',#4189,#2991,#2992);
#2573=AXIS2_PLACEMENT_3D('',#4192,#2993,#2994);
#2574=AXIS2_PLACEMENT_3D('',#4196,#2996,#2997);
#2575=AXIS2_PLACEMENT_3D('',#4198,#2999,#3000);
#2576=AXIS2_PLACEMENT_3D('',#4200,#3001,#3002);
#2577=AXIS2_PLACEMENT_3D('',#4203,#3004,#3005);
#2578=AXIS2_PLACEMENT_3D('',#4204,#3006,#3007);
#2579=AXIS2_PLACEMENT_3D('',#4206,#3008,#3009);
#2580=AXIS2_PLACEMENT_3D('',#4209,#3011,#3012);
#2581=AXIS2_PLACEMENT_3D('',#4210,#3013,#3014);
#2582=AXIS2_PLACEMENT_3D('',#4213,#3015,#3016);
#2583=AXIS2_PLACEMENT_3D('',#4217,#3018,#3019);
#2584=AXIS2_PLACEMENT_3D('',#4219,#3021,#3022);
#2585=AXIS2_PLACEMENT_3D('',#4222,#3023,#3024);
#2586=AXIS2_PLACEMENT_3D('',#4226,#3026,#3027);
#2587=AXIS2_PLACEMENT_3D('',#4228,#3029,#3030);
#2588=AXIS2_PLACEMENT_3D('',#4231,#3031,#3032);
#2589=AXIS2_PLACEMENT_3D('',#4235,#3034,#3035);
#2590=AXIS2_PLACEMENT_3D('',#4237,#3037,#3038);
#2591=AXIS2_PLACEMENT_3D('',#4239,#3039,#3040);
#2592=AXIS2_PLACEMENT_3D('',#4242,#3042,#3043);
#2593=AXIS2_PLACEMENT_3D('',#4243,#3044,#3045);
#2594=AXIS2_PLACEMENT_3D('',#4246,#3046,#3047);
#2595=AXIS2_PLACEMENT_3D('',#4250,#3049,#3050);
#2596=AXIS2_PLACEMENT_3D('',#4252,#3052,#3053);
#2597=AXIS2_PLACEMENT_3D('',#4255,#3056,#3057);
#2598=AXIS2_PLACEMENT_3D('',#4258,#3060,#3061);
#2599=AXIS2_PLACEMENT_3D('',#4261,#3064,#3065);
#2600=AXIS2_PLACEMENT_3D('',#4267,#3069,#3070);
#2601=AXIS2_PLACEMENT_3D('',#4270,#3073,#3074);
#2602=AXIS2_PLACEMENT_3D('',#4273,#3077,#3078);
#2603=AXIS2_PLACEMENT_3D('',#4279,#3082,#3083);
#2604=AXIS2_PLACEMENT_3D('',#4282,#3086,#3087);
#2605=AXIS2_PLACEMENT_3D('',#4288,#3091,#3092);
#2606=AXIS2_PLACEMENT_3D('',#4292,#3096,#3097);
#2607=AXIS2_PLACEMENT_3D('',#4298,#3101,#3102);
#2608=AXIS2_PLACEMENT_3D('',#4323,#3116,#3117);
#2609=AXIS2_PLACEMENT_3D('',#4325,#3118,#3119);
#2610=AXIS2_PLACEMENT_3D('',#4327,#3120,#3121);
#2611=AXIS2_PLACEMENT_3D('',#4329,#3122,#3123);
#2612=AXIS2_PLACEMENT_3D('',#4330,#3124,#3125);
#2613=AXIS2_PLACEMENT_3D('',#4334,#3128,#3129);
#2614=AXIS2_PLACEMENT_3D('',#4338,#3132,#3133);
#2615=AXIS2_PLACEMENT_3D('',#4346,#3138,#3139);
#2616=AXIS2_PLACEMENT_3D('',#4348,#3140,#3141);
#2617=AXIS2_PLACEMENT_3D('',#4350,#3142,#3143);
#2618=AXIS2_PLACEMENT_3D('',#4352,#3144,#3145);
#2619=AXIS2_PLACEMENT_3D('',#4353,#3146,#3147);
#2620=AXIS2_PLACEMENT_3D('',#4356,#3150,#3151);
#2621=AXIS2_PLACEMENT_3D('',#4358,#3153,#3154);
#2622=AXIS2_PLACEMENT_3D('',#4360,#3156,#3157);
#2623=AXIS2_PLACEMENT_3D('',#4362,#3159,#3160);
#2624=AXIS2_PLACEMENT_3D('',#4365,#3163,#3164);
#2625=AXIS2_PLACEMENT_3D('',#4366,#3165,#3166);
#2626=AXIS2_PLACEMENT_3D('',#4367,#3167,#3168);
#2627=AXIS2_PLACEMENT_3D('',#4369,#3170,#3171);
#2628=AXIS2_PLACEMENT_3D('',#4370,#3172,#3173);
#2629=AXIS2_PLACEMENT_3D('',#4371,#3174,#3175);
#2630=AXIS2_PLACEMENT_3D('',#4372,#3176,#3177);
#2631=AXIS2_PLACEMENT_3D('',#4374,#3179,#3180);
#2632=AXIS2_PLACEMENT_3D('',#4376,#3182,#3183);
#2633=AXIS2_PLACEMENT_3D('',#4378,#3185,#3186);
#2634=AXIS2_PLACEMENT_3D('',#4380,#3188,#3189);
#2635=DIRECTION('axis',(0.,0.,1.));
#2636=DIRECTION('refdir',(1.,0.,0.));
#2637=DIRECTION('',(0.,0.,-1.));
#2638=DIRECTION('',(0.,0.,-1.));
#2639=DIRECTION('',(0.,0.,-1.));
#2640=DIRECTION('',(0.,0.,-1.));
#2641=DIRECTION('center_axis',(-0.833292216512441,0.552832779328236,0.));
#2642=DIRECTION('ref_axis',(0.552832779328236,0.833292216512441,0.));
#2643=DIRECTION('',(0.552832779328236,0.833292216512441,0.));
#2644=DIRECTION('',(0.,0.,-1.));
#2645=DIRECTION('',(0.552832779328236,0.833292216512441,0.));
#2646=DIRECTION('center_axis',(0.823366800534167,0.567509569767885,0.));
#2647=DIRECTION('ref_axis',(0.567509569767884,-0.823366800534167,0.));
#2648=DIRECTION('',(0.567509569767884,-0.823366800534167,0.));
#2649=DIRECTION('',(0.,0.,-1.));
#2650=DIRECTION('',(0.567509569767884,-0.823366800534167,0.));
#2651=DIRECTION('',(0.,0.,-1.));
#2652=DIRECTION('',(0.,0.,-1.));
#2653=DIRECTION('',(0.,0.,-1.));
#2654=DIRECTION('center_axis',(-0.822253039489205,-0.569122077458575,0.));
#2655=DIRECTION('ref_axis',(-0.569122077458575,0.822253039489205,0.));
#2656=DIRECTION('',(-0.569122077458575,0.822253039489205,0.));
#2657=DIRECTION('',(0.,0.,-1.));
#2658=DIRECTION('',(-0.569122077458575,0.822253039489205,0.));
#2659=DIRECTION('center_axis',(-0.999999555977942,-0.000942360822110938,
0.));
#2660=DIRECTION('ref_axis',(-0.000942360822110938,0.999999555977942,0.));
#2661=DIRECTION('',(-0.000942360822110938,0.999999555977942,0.));
#2662=DIRECTION('',(0.,0.,-1.));
#2663=DIRECTION('',(-0.000942360822110938,0.999999555977942,0.));
#2664=DIRECTION('',(0.,0.,-1.));
#2665=DIRECTION('',(0.,0.,-1.));
#2666=DIRECTION('center_axis',(0.999999555977942,0.000942360822109139,0.));
#2667=DIRECTION('ref_axis',(0.000942360822109139,-0.999999555977942,0.));
#2668=DIRECTION('',(0.000942360822109139,-0.999999555977942,0.));
#2669=DIRECTION('',(0.,0.,-1.));
#2670=DIRECTION('',(0.000942360822109139,-0.999999555977942,0.));
#2671=DIRECTION('center_axis',(0.823319008124535,-0.567578902762279,0.));
#2672=DIRECTION('ref_axis',(-0.567578902762279,-0.823319008124535,0.));
#2673=DIRECTION('',(-0.567578902762279,-0.823319008124535,0.));
#2674=DIRECTION('',(-0.567578902762279,-0.823319008124535,0.));
#2675=DIRECTION('center_axis',(0.,0.,1.));
#2676=DIRECTION('ref_axis',(-1.,0.,0.));
#2677=DIRECTION('center_axis',(0.,0.,-1.));
#2678=DIRECTION('ref_axis',(-1.,0.,0.));
#2679=DIRECTION('center_axis',(0.,0.,1.));
#2680=DIRECTION('ref_axis',(-1.,0.,0.));
#2681=DIRECTION('',(0.,0.,-1.));
#2682=DIRECTION('center_axis',(0.,0.,1.));
#2683=DIRECTION('ref_axis',(-1.,0.,0.));
#2684=DIRECTION('center_axis',(0.0016343700004651,0.999998664416459,0.));
#2685=DIRECTION('ref_axis',(0.999998664416459,-0.0016343700004651,0.));
#2686=DIRECTION('',(0.999998664416459,-0.0016343700004651,0.));
#2687=DIRECTION('',(0.,0.,-1.));
#2688=DIRECTION('',(0.999998664416459,-0.0016343700004651,0.));
#2689=DIRECTION('',(0.,0.,-1.));
#2690=DIRECTION('center_axis',(0.999998664416459,-0.00163437000043669,0.));
#2691=DIRECTION('ref_axis',(-0.00163437000043669,-0.999998664416459,0.));
#2692=DIRECTION('',(-0.00163437000043669,-0.999998664416459,0.));
#2693=DIRECTION('',(0.,0.,-1.));
#2694=DIRECTION('',(-0.00163437000043669,-0.999998664416459,0.));
#2695=DIRECTION('center_axis',(-0.273762008672757,0.961797464442207,0.));
#2696=DIRECTION('ref_axis',(0.961797464442207,0.273762008672757,0.));
#2697=DIRECTION('',(0.961797464442207,0.273762008672757,0.));
#2698=DIRECTION('',(0.,0.,-1.));
#2699=DIRECTION('',(0.961797464442207,0.273762008672757,0.));
#2700=DIRECTION('center_axis',(-0.273762008672756,-0.961797464442207,0.));
#2701=DIRECTION('ref_axis',(-0.961797464442207,0.273762008672756,0.));
#2702=DIRECTION('',(-0.961797464442207,0.273762008672756,0.));
#2703=DIRECTION('',(0.,0.,-1.));
#2704=DIRECTION('',(-0.961797464442207,0.273762008672756,0.));
#2705=DIRECTION('center_axis',(0.999998664416449,0.00163437000626675,0.));
#2706=DIRECTION('ref_axis',(0.00163437000626675,-0.999998664416449,0.));
#2707=DIRECTION('',(0.00163437000626675,-0.999998664416449,0.));
#2708=DIRECTION('',(0.,0.,-1.));
#2709=DIRECTION('',(0.00163437000626675,-0.999998664416449,0.));
#2710=DIRECTION('center_axis',(0.00163437000044925,-0.999998664416459,0.));
#2711=DIRECTION('ref_axis',(-0.999998664416459,-0.00163437000044925,0.));
#2712=DIRECTION('',(-0.999998664416459,-0.00163437000044925,0.));
#2713=DIRECTION('',(0.,0.,-1.));
#2714=DIRECTION('',(-0.999998664416459,-0.00163437000044925,0.));
#2715=DIRECTION('center_axis',(0.,0.,-1.));
#2716=DIRECTION('ref_axis',(0.707106781186547,-0.707106781186548,0.));
#2717=DIRECTION('center_axis',(0.,0.,-1.));
#2718=DIRECTION('ref_axis',(-1.,0.,0.));
#2719=DIRECTION('',(0.,0.,-1.));
#2720=DIRECTION('center_axis',(0.,0.,-1.));
#2721=DIRECTION('ref_axis',(-1.,0.,0.));
#2722=DIRECTION('center_axis',(0.999998664416459,-0.00163437000046543,0.));
#2723=DIRECTION('ref_axis',(-0.00163437000046543,-0.999998664416459,0.));
#2724=DIRECTION('',(-0.00163437000046543,-0.999998664416459,0.));
#2725=DIRECTION('',(0.,0.,-1.));
#2726=DIRECTION('',(-0.00163437000046543,-0.999998664416459,0.));
#2727=DIRECTION('center_axis',(-0.0016343700004368,-0.999998664416459,0.));
#2728=DIRECTION('ref_axis',(-0.999998664416459,0.0016343700004368,0.));
#2729=DIRECTION('',(-0.999998664416459,0.0016343700004368,0.));
#2730=DIRECTION('',(0.,0.,-1.));
#2731=DIRECTION('',(-0.999998664416459,0.0016343700004368,0.));
#2732=DIRECTION('center_axis',(0.961797464442207,0.273762008672756,0.));
#2733=DIRECTION('ref_axis',(0.273762008672756,-0.961797464442207,0.));
#2734=DIRECTION('',(0.273762008672756,-0.961797464442207,0.));
#2735=DIRECTION('',(0.,0.,-1.));
#2736=DIRECTION('',(0.273762008672756,-0.961797464442207,0.));
#2737=DIRECTION('center_axis',(-0.961797464442207,0.273762008672756,0.));
#2738=DIRECTION('ref_axis',(0.273762008672756,0.961797464442207,0.));
#2739=DIRECTION('',(0.273762008672756,0.961797464442207,0.));
#2740=DIRECTION('',(0.,0.,-1.));
#2741=DIRECTION('',(0.273762008672756,0.961797464442207,0.));
#2742=DIRECTION('center_axis',(0.00163437000626685,-0.999998664416449,0.));
#2743=DIRECTION('ref_axis',(-0.999998664416449,-0.00163437000626685,0.));
#2744=DIRECTION('',(-0.999998664416449,-0.00163437000626685,0.));
#2745=DIRECTION('',(0.,0.,-1.));
#2746=DIRECTION('',(-0.999998664416449,-0.00163437000626685,0.));
#2747=DIRECTION('center_axis',(-0.999998664416459,-0.001634370000449,0.));
#2748=DIRECTION('ref_axis',(-0.001634370000449,0.999998664416459,0.));
#2749=DIRECTION('',(-0.001634370000449,0.999998664416459,0.));
#2750=DIRECTION('',(0.,0.,-1.));
#2751=DIRECTION('',(-0.001634370000449,0.999998664416459,0.));
#2752=DIRECTION('center_axis',(0.,0.,-1.));
#2753=DIRECTION('ref_axis',(-1.,0.,0.));
#2754=DIRECTION('center_axis',(0.,0.,-1.));
#2755=DIRECTION('ref_axis',(-1.,0.,0.));
#2756=DIRECTION('center_axis',(0.,0.,-1.));
#2757=DIRECTION('ref_axis',(-1.,0.,0.));
#2758=DIRECTION('center_axis',(0.,0.,1.));
#2759=DIRECTION('ref_axis',(-1.,0.,0.));
#2760=DIRECTION('center_axis',(0.,0.,-1.));
#2761=DIRECTION('ref_axis',(-1.,0.,0.));
#2762=DIRECTION('center_axis',(0.,0.,-1.));
#2763=DIRECTION('ref_axis',(-1.,0.,0.));
#2764=DIRECTION('',(0.,0.,-1.));
#2765=DIRECTION('center_axis',(0.,0.,-1.));
#2766=DIRECTION('ref_axis',(-1.,0.,0.));
#2767=DIRECTION('center_axis',(0.,0.,1.));
#2768=DIRECTION('ref_axis',(-1.,0.,0.));
#2769=DIRECTION('',(0.,0.,-1.));
#2770=DIRECTION('',(0.,0.,-1.));
#2771=DIRECTION('',(0.,0.,-1.));
#2772=DIRECTION('center_axis',(-0.000942360822108515,0.999999555977942,
0.));
#2773=DIRECTION('ref_axis',(0.999999555977942,0.000942360822108515,0.));
#2774=DIRECTION('',(0.999999555977942,0.000942360822108515,0.));
#2775=DIRECTION('',(0.,0.,-1.));
#2776=DIRECTION('',(0.999999555977942,0.000942360822108515,0.));
#2777=DIRECTION('',(0.,0.,-1.));
#2778=DIRECTION('',(0.,0.,-1.));
#2779=DIRECTION('center_axis',(0.000942360822108984,-0.999999555977942,
0.));
#2780=DIRECTION('ref_axis',(-0.999999555977942,-0.000942360822108984,0.));
#2781=DIRECTION('',(-0.999999555977942,-0.000942360822108984,0.));
#2782=DIRECTION('',(0.,0.,-1.));
#2783=DIRECTION('',(-0.999999555977942,-0.000942360822108984,0.));
#2784=DIRECTION('center_axis',(-0.869644768587109,0.493678008897575,0.));
#2785=DIRECTION('ref_axis',(0.493678008897575,0.869644768587109,0.));
#2786=DIRECTION('',(0.493678008897575,0.869644768587109,0.));
#2787=DIRECTION('',(0.,0.,-1.));
#2788=DIRECTION('',(0.493678008897575,0.869644768587108,0.));
#2789=DIRECTION('',(0.,0.,-1.));
#2790=DIRECTION('',(0.,0.,-1.));
#2791=DIRECTION('center_axis',(0.000942360822109469,-0.999999555977942,
0.));
#2792=DIRECTION('ref_axis',(-0.999999555977942,-0.000942360822109469,0.));
#2793=DIRECTION('',(-0.999999555977942,-0.000942360822109469,0.));
#2794=DIRECTION('',(0.,0.,-1.));
#2795=DIRECTION('',(-0.999999555977942,-0.000942360822109469,0.));
#2796=DIRECTION('',(0.,0.,-1.));
#2797=DIRECTION('',(0.,0.,-1.));
#2798=DIRECTION('center_axis',(-0.000942360822108309,0.999999555977942,
0.));
#2799=DIRECTION('ref_axis',(0.999999555977942,0.000942360822108309,0.));
#2800=DIRECTION('',(0.999999555977942,0.000942360822108309,0.));
#2801=DIRECTION('',(0.,0.,-1.));
#2802=DIRECTION('',(0.999999555977942,0.000942360822108309,0.));
#2803=DIRECTION('center_axis',(0.87010027228734,-0.492874746934247,0.));
#2804=DIRECTION('ref_axis',(-0.492874746934247,-0.87010027228734,0.));
#2805=DIRECTION('',(-0.492874746934247,-0.87010027228734,0.));
#2806=DIRECTION('',(-0.492874746934247,-0.87010027228734,0.));
#2807=DIRECTION('center_axis',(0.,0.,1.));
#2808=DIRECTION('ref_axis',(-1.,0.,0.));
#2809=DIRECTION('',(0.,0.,-1.));
#2810=DIRECTION('',(0.,0.,-1.));
#2811=DIRECTION('',(0.,0.,-1.));
#2812=DIRECTION('',(0.,0.,-1.));
#2813=DIRECTION('center_axis',(-0.840912456826091,0.54117117435679,0.));
#2814=DIRECTION('ref_axis',(0.54117117435679,0.840912456826091,0.));
#2815=DIRECTION('',(0.54117117435679,0.840912456826091,0.));
#2816=DIRECTION('',(0.,0.,-1.));
#2817=DIRECTION('',(0.54117117435679,0.840912456826091,0.));
#2818=DIRECTION('center_axis',(0.83989100671905,0.542755098393798,0.));
#2819=DIRECTION('ref_axis',(0.542755098393798,-0.83989100671905,0.));
#2820=DIRECTION('',(0.542755098393798,-0.83989100671905,0.));
#2821=DIRECTION('',(0.,0.,-1.));
#2822=DIRECTION('',(0.542755098393798,-0.83989100671905,0.));
#2823=DIRECTION('',(0.,0.,-1.));
#2824=DIRECTION('',(0.,0.,-1.));
#2825=DIRECTION('',(0.,0.,-1.));
#2826=DIRECTION('center_axis',(-0.829455880576101,-0.558572235416087,0.));
#2827=DIRECTION('ref_axis',(-0.558572235416087,0.829455880576101,0.));
#2828=DIRECTION('',(-0.558572235416087,0.829455880576101,0.));
#2829=DIRECTION('',(0.,0.,-1.));
#2830=DIRECTION('',(-0.558572235416087,0.829455880576101,0.));
#2831=DIRECTION('center_axis',(-0.830456456098472,0.557083543577053,0.));
#2832=DIRECTION('ref_axis',(0.557083543577053,0.830456456098472,0.));
#2833=DIRECTION('',(0.557083543577053,0.830456456098472,0.));
#2834=DIRECTION('',(0.,0.,-1.));
#2835=DIRECTION('',(0.557083543577053,0.830456456098472,0.));
#2836=DIRECTION('',(0.,0.,-1.));
#2837=DIRECTION('',(0.,0.,-1.));
#2838=DIRECTION('',(0.,0.,-1.));
#2839=DIRECTION('center_axis',(0.841560572829204,-0.540162755342668,0.));
#2840=DIRECTION('ref_axis',(-0.540162755342668,-0.841560572829204,0.));
#2841=DIRECTION('',(-0.540162755342668,-0.841560572829204,0.));
#2842=DIRECTION('',(0.,0.,-1.));
#2843=DIRECTION('',(-0.540162755342668,-0.841560572829204,0.));
#2844=DIRECTION('center_axis',(-0.840541022159349,-0.541747902688433,0.));
#2845=DIRECTION('ref_axis',(-0.541747902688433,0.840541022159349,0.));
#2846=DIRECTION('',(-0.541747902688433,0.840541022159349,0.));
#2847=DIRECTION('',(0.,0.,-1.));
#2848=DIRECTION('',(-0.541747902688433,0.840541022159349,0.));
#2849=DIRECTION('',(0.,0.,-1.));
#2850=DIRECTION('',(0.,0.,-1.));
#2851=DIRECTION('',(0.,0.,-1.));
#2852=DIRECTION('center_axis',(0.829668078958592,0.558257000634259,0.));
#2853=DIRECTION('ref_axis',(0.558257000634259,-0.829668078958592,0.));
#2854=DIRECTION('',(0.558257000634259,-0.829668078958592,0.));
#2855=DIRECTION('',(0.,0.,-1.));
#2856=DIRECTION('',(0.558257000634259,-0.829668078958592,0.));
#2857=DIRECTION('center_axis',(0.830985753640679,-0.556293696931965,0.));
#2858=DIRECTION('ref_axis',(-0.556293696931965,-0.830985753640679,0.));
#2859=DIRECTION('',(-0.556293696931965,-0.830985753640679,0.));
#2860=DIRECTION('',(-0.556293696931965,-0.830985753640679,0.));
#2861=DIRECTION('center_axis',(0.,0.,1.));
#2862=DIRECTION('ref_axis',(-1.,0.,0.));
#2863=DIRECTION('center_axis',(0.,0.,1.));
#2864=DIRECTION('ref_axis',(1.,0.,0.));
#2865=DIRECTION('',(0.707106781186547,0.707106781186548,0.));
#2866=DIRECTION('',(0.,-1.,0.));
#2867=DIRECTION('',(-0.707106781186547,0.707106781186548,0.));
#2868=DIRECTION('',(1.,0.,0.));
#2869=DIRECTION('',(-0.707106781186547,-0.707106781186548,0.));
#2870=DIRECTION('',(0.,1.,0.));
#2871=DIRECTION('',(0.707106781186547,-0.707106781186548,0.));
#2872=DIRECTION('',(-1.,0.,0.));
#2873=DIRECTION('center_axis',(0.,0.,-1.));
#2874=DIRECTION('ref_axis',(-1.,0.,0.));
#2875=DIRECTION('center_axis',(0.,0.,-1.));
#2876=DIRECTION('ref_axis',(-1.,0.,0.));
#2877=DIRECTION('center_axis',(0.,0.,-1.));
#2878=DIRECTION('ref_axis',(-1.,0.,0.));
#2879=DIRECTION('center_axis',(0.,0.,-1.));
#2880=DIRECTION('ref_axis',(-1.,0.,0.));
#2881=DIRECTION('center_axis',(5.82099251196142E-32,-1.,0.));
#2882=DIRECTION('ref_axis',(-0.707106781186548,0.,0.707106781186548));
#2883=DIRECTION('center_axis',(0.,1.,0.));
#2884=DIRECTION('ref_axis',(-0.707106781186548,0.,0.707106781186548));
#2885=DIRECTION('',(-5.82099251196142E-32,1.,0.));
#2886=DIRECTION('center_axis',(0.,1.,0.));
#2887=DIRECTION('ref_axis',(-0.707106781186548,0.,0.707106781186548));
#2888=DIRECTION('',(5.82099251196142E-32,-1.,0.));
#2889=DIRECTION('center_axis',(-1.,-5.82099251196142E-32,0.));
#2890=DIRECTION('ref_axis',(5.82099251196142E-32,-1.,0.));
#2891=DIRECTION('',(0.,0.,1.));
#2892=DIRECTION('',(-5.82099251196142E-32,1.,0.));
#2893=DIRECTION('',(0.,0.,1.));
#2894=DIRECTION('center_axis',(0.,1.,0.));
#2895=DIRECTION('ref_axis',(0.707106781186547,0.,0.707106781186548));
#2896=DIRECTION('center_axis',(0.,1.,0.));
#2897=DIRECTION('ref_axis',(0.707106781186547,0.,0.707106781186548));
#2898=DIRECTION('',(0.,1.,0.));
#2899=DIRECTION('center_axis',(0.,1.,0.));
#2900=DIRECTION('ref_axis',(0.707106781186547,0.,0.707106781186548));
#2901=DIRECTION('',(0.,-1.,0.));
#2902=DIRECTION('center_axis',(0.,0.,1.));
#2903=DIRECTION('ref_axis',(1.,0.,0.));
#2904=DIRECTION('',(1.,0.,0.));
#2905=DIRECTION('',(1.,0.,0.));
#2906=DIRECTION('center_axis',(1.,0.,0.));
#2907=DIRECTION('ref_axis',(0.,1.,0.));
#2908=DIRECTION('',(0.,0.,1.));
#2909=DIRECTION('',(0.,-1.,0.));
#2910=DIRECTION('',(0.,0.,-1.));
#2911=DIRECTION('center_axis',(0.,-1.,0.));
#2912=DIRECTION('ref_axis',(1.,0.,0.));
#2913=DIRECTION('',(1.,0.,0.));
#2914=DIRECTION('',(0.,0.,-1.));
#2915=DIRECTION('',(0.,0.,1.));
#2916=DIRECTION('',(1.,0.,0.));
#2917=DIRECTION('center_axis',(0.,0.,-1.));
#2918=DIRECTION('ref_axis',(-1.,0.,0.));
#2919=DIRECTION('',(0.,0.,-1.));
#2920=DIRECTION('center_axis',(0.,0.,-1.));
#2921=DIRECTION('ref_axis',(-1.,0.,0.));
#2922=DIRECTION('center_axis',(0.,0.,1.));
#2923=DIRECTION('ref_axis',(-1.,0.,0.));
#2924=DIRECTION('center_axis',(0.,0.,-1.));
#2925=DIRECTION('ref_axis',(-1.,0.,0.));
#2926=DIRECTION('',(0.,0.,-1.));
#2927=DIRECTION('center_axis',(0.,0.,-1.));
#2928=DIRECTION('ref_axis',(-1.,0.,0.));
#2929=DIRECTION('center_axis',(0.,0.,1.));
#2930=DIRECTION('ref_axis',(-1.,0.,0.));
#2931=DIRECTION('center_axis',(0.,0.,-1.));
#2932=DIRECTION('ref_axis',(-1.,0.,0.));
#2933=DIRECTION('',(0.,0.,-1.));
#2934=DIRECTION('center_axis',(0.,0.,-1.));
#2935=DIRECTION('ref_axis',(-1.,0.,0.));
#2936=DIRECTION('center_axis',(0.,0.,1.));
#2937=DIRECTION('ref_axis',(-1.,0.,0.));
#2938=DIRECTION('center_axis',(0.,0.,-1.));
#2939=DIRECTION('ref_axis',(-1.,0.,0.));
#2940=DIRECTION('',(0.,0.,-1.));
#2941=DIRECTION('center_axis',(0.,0.,-1.));
#2942=DIRECTION('ref_axis',(-1.,0.,0.));
#2943=DIRECTION('center_axis',(0.,0.,1.));
#2944=DIRECTION('ref_axis',(-1.,0.,0.));
#2945=DIRECTION('center_axis',(0.,0.,1.));
#2946=DIRECTION('ref_axis',(1.,0.,0.));
#2947=DIRECTION('center_axis',(0.,0.,1.));
#2948=DIRECTION('ref_axis',(1.,0.,0.));
#2949=DIRECTION('',(0.,0.,-1.));
#2950=DIRECTION('center_axis',(0.,0.,-1.));
#2951=DIRECTION('ref_axis',(1.,0.,0.));
#2952=DIRECTION('',(0.,0.,1.));
#2953=DIRECTION('center_axis',(0.,0.,1.));
#2954=DIRECTION('ref_axis',(1.,0.,0.));
#2955=DIRECTION('center_axis',(0.,0.,1.));
#2956=DIRECTION('ref_axis',(1.,0.,0.));
#2957=DIRECTION('',(0.,0.,1.));
#2958=DIRECTION('center_axis',(0.,0.,-1.));
#2959=DIRECTION('ref_axis',(1.,0.,0.));
#2960=DIRECTION('center_axis',(0.,0.,1.));
#2961=DIRECTION('ref_axis',(1.,0.,0.));
#2962=DIRECTION('center_axis',(0.,0.,1.));
#2963=DIRECTION('ref_axis',(1.,0.,0.));
#2964=DIRECTION('',(0.,0.,-1.));
#2965=DIRECTION('center_axis',(0.,0.,-1.));
#2966=DIRECTION('ref_axis',(1.,0.,0.));
#2967=DIRECTION('',(0.,0.,1.));
#2968=DIRECTION('center_axis',(0.,0.,1.));
#2969=DIRECTION('ref_axis',(1.,0.,0.));
#2970=DIRECTION('center_axis',(0.,0.,1.));
#2971=DIRECTION('ref_axis',(1.,0.,0.));
#2972=DIRECTION('',(0.,0.,-1.));
#2973=DIRECTION('center_axis',(0.,0.,-1.));
#2974=DIRECTION('ref_axis',(1.,0.,0.));
#2975=DIRECTION('',(0.,0.,1.));
#2976=DIRECTION('center_axis',(0.,0.,1.));
#2977=DIRECTION('ref_axis',(1.,0.,0.));
#2978=DIRECTION('center_axis',(0.,0.,1.));
#2979=DIRECTION('ref_axis',(1.,0.,0.));
#2980=DIRECTION('',(0.,0.,-1.));
#2981=DIRECTION('center_axis',(0.,0.,-1.));
#2982=DIRECTION('ref_axis',(1.,0.,0.));
#2983=DIRECTION('',(0.,0.,1.));
#2984=DIRECTION('center_axis',(0.,0.,1.));
#2985=DIRECTION('ref_axis',(1.,0.,0.));
#2986=DIRECTION('center_axis',(0.,0.,1.));
#2987=DIRECTION('ref_axis',(1.,0.,0.));
#2988=DIRECTION('',(0.,0.,1.));
#2989=DIRECTION('center_axis',(0.,0.,-1.));
#2990=DIRECTION('ref_axis',(1.,0.,0.));
#2991=DIRECTION('center_axis',(0.,0.,1.));
#2992=DIRECTION('ref_axis',(1.,0.,0.));
#2993=DIRECTION('center_axis',(0.,0.,1.));
#2994=DIRECTION('ref_axis',(1.,0.,0.));
#2995=DIRECTION('',(0.,0.,-1.));
#2996=DIRECTION('center_axis',(0.,0.,-1.));
#2997=DIRECTION('ref_axis',(1.,0.,0.));
#2998=DIRECTION('',(0.,0.,1.));
#2999=DIRECTION('center_axis',(0.,0.,1.));
#3000=DIRECTION('ref_axis',(1.,0.,0.));
#3001=DIRECTION('center_axis',(0.,0.,1.));
#3002=DIRECTION('ref_axis',(1.,0.,0.));
#3003=DIRECTION('',(0.,0.,1.));
#3004=DIRECTION('center_axis',(0.,0.,-1.));
#3005=DIRECTION('ref_axis',(1.,0.,0.));
#3006=DIRECTION('center_axis',(0.,0.,1.));
#3007=DIRECTION('ref_axis',(1.,0.,0.));
#3008=DIRECTION('center_axis',(0.,0.,1.));
#3009=DIRECTION('ref_axis',(1.,0.,0.));
#3010=DIRECTION('',(0.,0.,1.));
#3011=DIRECTION('center_axis',(0.,0.,-1.));
#3012=DIRECTION('ref_axis',(1.,0.,0.));
#3013=DIRECTION('center_axis',(0.,0.,1.));
#3014=DIRECTION('ref_axis',(1.,0.,0.));
#3015=DIRECTION('center_axis',(0.,0.,1.));
#3016=DIRECTION('ref_axis',(1.,0.,0.));
#3017=DIRECTION('',(0.,0.,-1.));
#3018=DIRECTION('center_axis',(0.,0.,-1.));
#3019=DIRECTION('ref_axis',(1.,0.,0.));
#3020=DIRECTION('',(0.,0.,1.));
#3021=DIRECTION('center_axis',(0.,0.,1.));
#3022=DIRECTION('ref_axis',(1.,0.,0.));
#3023=DIRECTION('center_axis',(0.,0.,1.));
#3024=DIRECTION('ref_axis',(1.,0.,0.));
#3025=DIRECTION('',(0.,0.,-1.));
#3026=DIRECTION('center_axis',(0.,0.,-1.));
#3027=DIRECTION('ref_axis',(1.,0.,0.));
#3028=DIRECTION('',(0.,0.,1.));
#3029=DIRECTION('center_axis',(0.,0.,1.));
#3030=DIRECTION('ref_axis',(1.,0.,0.));
#3031=DIRECTION('center_axis',(0.,0.,1.));
#3032=DIRECTION('ref_axis',(1.,0.,0.));
#3033=DIRECTION('',(0.,0.,-1.));
#3034=DIRECTION('center_axis',(0.,0.,-1.));
#3035=DIRECTION('ref_axis',(1.,0.,0.));
#3036=DIRECTION('',(0.,0.,1.));
#3037=DIRECTION('center_axis',(0.,0.,1.));
#3038=DIRECTION('ref_axis',(1.,0.,0.));
#3039=DIRECTION('center_axis',(0.,0.,1.));
#3040=DIRECTION('ref_axis',(1.,0.,0.));
#3041=DIRECTION('',(0.,0.,1.));
#3042=DIRECTION('center_axis',(0.,0.,-1.));
#3043=DIRECTION('ref_axis',(1.,0.,0.));
#3044=DIRECTION('center_axis',(0.,0.,1.));
#3045=DIRECTION('ref_axis',(1.,0.,0.));
#3046=DIRECTION('center_axis',(0.,0.,1.));
#3047=DIRECTION('ref_axis',(1.,0.,0.));
#3048=DIRECTION('',(0.,0.,-1.));
#3049=DIRECTION('center_axis',(0.,0.,-1.));
#3050=DIRECTION('ref_axis',(1.,0.,0.));
#3051=DIRECTION('',(0.,0.,1.));
#3052=DIRECTION('center_axis',(-6.53072367426563E-17,1.,0.));
#3053=DIRECTION('ref_axis',(-1.,-6.53072367426563E-17,0.));
#3054=DIRECTION('',(-1.,-6.53072367426563E-17,0.));
#3055=DIRECTION('',(-1.,-6.53072367426563E-17,0.));
#3056=DIRECTION('center_axis',(-6.53072367426563E-17,1.,0.));
#3057=DIRECTION('ref_axis',(-1.,-6.53072367426563E-17,0.));
#3058=DIRECTION('',(-1.,-6.53072367426563E-17,0.));
#3059=DIRECTION('',(-1.,-6.53072367426563E-17,0.));
#3060=DIRECTION('center_axis',(-6.53072367426563E-17,1.,0.));
#3061=DIRECTION('ref_axis',(-1.,-6.53072367426563E-17,0.));
#3062=DIRECTION('',(-1.,-6.53072367426563E-17,0.));
#3063=DIRECTION('',(-1.,-6.53072367426563E-17,0.));
#3064=DIRECTION('center_axis',(-6.53072367426563E-17,1.,0.));
#3065=DIRECTION('ref_axis',(-1.,-6.53072367426563E-17,0.));
#3066=DIRECTION('',(-1.,-6.53072367426563E-17,0.));
#3067=DIRECTION('',(0.,0.,1.));
#3068=DIRECTION('',(-1.,-6.53072367426563E-17,0.));
#3069=DIRECTION('center_axis',(-6.53072367426563E-17,1.,0.));
#3070=DIRECTION('ref_axis',(-1.,-6.53072367426563E-17,0.));
#3071=DIRECTION('',(-1.,-6.53072367426563E-17,0.));
#3072=DIRECTION('',(-1.,-6.53072367426563E-17,0.));
#3073=DIRECTION('center_axis',(-6.53072367426563E-17,1.,0.));
#3074=DIRECTION('ref_axis',(-1.,-6.53072367426563E-17,0.));
#3075=DIRECTION('',(-1.,-6.53072367426563E-17,0.));
#3076=DIRECTION('',(-1.,-6.53072367426563E-17,0.));
#3077=DIRECTION('center_axis',(-6.53072367426563E-17,1.,0.));
#3078=DIRECTION('ref_axis',(-1.,-6.53072367426563E-17,0.));
#3079=DIRECTION('',(-1.,-6.53072367426563E-17,0.));
#3080=DIRECTION('',(0.,0.,-1.));
#3081=DIRECTION('',(-1.,-6.53072367426563E-17,0.));
#3082=DIRECTION('center_axis',(-6.53072367426563E-17,1.,0.));
#3083=DIRECTION('ref_axis',(-1.,-6.53072367426563E-17,0.));
#3084=DIRECTION('',(-1.,-6.53072367426563E-17,0.));
#3085=DIRECTION('',(-1.,-6.53072367426563E-17,0.));
#3086=DIRECTION('center_axis',(0.,-1.,0.));
#3087=DIRECTION('ref_axis',(1.,0.,0.));
#3088=DIRECTION('',(1.,0.,0.));
#3089=DIRECTION('',(0.,0.,-1.));
#3090=DIRECTION('',(1.,0.,0.));
#3091=DIRECTION('center_axis',(0.,-1.,0.));
#3092=DIRECTION('ref_axis',(1.,0.,0.));
#3093=DIRECTION('',(1.,0.,0.));
#3094=DIRECTION('',(1.,0.,0.));
#3095=DIRECTION('',(1.,0.,0.));
#3096=DIRECTION('center_axis',(0.,-1.,0.));
#3097=DIRECTION('ref_axis',(1.,0.,0.));
#3098=DIRECTION('',(1.,0.,0.));
#3099=DIRECTION('',(0.,0.,1.));
#3100=DIRECTION('',(1.,0.,0.));
#3101=DIRECTION('center_axis',(0.,0.,1.));
#3102=DIRECTION('ref_axis',(1.,0.,0.));
#3103=DIRECTION('',(-0.707106781186547,0.707106781186548,0.));
#3104=DIRECTION('',(0.,-1.,0.));
#3105=DIRECTION('',(0.707106781186547,0.707106781186548,0.));
#3106=DIRECTION('',(-1.,0.,0.));
#3107=DIRECTION('',(0.707106781186547,-0.707106781186548,0.));
#3108=DIRECTION('',(0.,1.,0.));
#3109=DIRECTION('',(-0.707106781186547,-0.707106781186548,0.));
#3110=DIRECTION('',(-0.707106781186548,-0.707106781186547,0.));
#3111=DIRECTION('',(0.,1.,0.));
#3112=DIRECTION('',(0.707106781186547,-0.707106781186548,0.));
#3113=DIRECTION('',(0.707106781186547,0.707106781186548,0.));
#3114=DIRECTION('',(-5.55111512312578E-17,-1.,0.));
#3115=DIRECTION('',(-0.707106781186548,0.707106781186547,0.));
#3116=DIRECTION('center_axis',(0.,0.,-1.));
#3117=DIRECTION('ref_axis',(1.,0.,0.));
#3118=DIRECTION('center_axis',(0.,0.,-1.));
#3119=DIRECTION('ref_axis',(1.,0.,0.));
#3120=DIRECTION('center_axis',(0.,0.,-1.));
#3121=DIRECTION('ref_axis',(1.,0.,0.));
#3122=DIRECTION('center_axis',(0.,0.,-1.));
#3123=DIRECTION('ref_axis',(1.,0.,0.));
#3124=DIRECTION('center_axis',(-0.707106781186548,0.707106781186547,0.));
#3125=DIRECTION('ref_axis',(0.,0.,1.));
#3126=DIRECTION('',(-0.707106781186547,-0.707106781186548,0.));
#3127=DIRECTION('',(0.,0.,1.));
#3128=DIRECTION('center_axis',(-1.,5.55111512312578E-17,0.));
#3129=DIRECTION('ref_axis',(-5.55111512312578E-17,-1.,0.));
#3130=DIRECTION('',(-5.55111512312578E-17,-1.,0.));
#3131=DIRECTION('',(0.,0.,-1.));
#3132=DIRECTION('center_axis',(0.,0.,1.));
#3133=DIRECTION('ref_axis',(1.,0.,0.));
#3134=DIRECTION('',(-0.707106781186547,0.707106781186548,0.));
#3135=DIRECTION('',(0.,1.,0.));
#3136=DIRECTION('',(0.707106781186548,0.707106781186547,0.));
#3137=DIRECTION('',(0.707106781186548,-0.707106781186547,0.));
#3138=DIRECTION('center_axis',(0.,0.,-1.));
#3139=DIRECTION('ref_axis',(1.,0.,0.));
#3140=DIRECTION('center_axis',(0.,0.,-1.));
#3141=DIRECTION('ref_axis',(1.,0.,0.));
#3142=DIRECTION('center_axis',(0.,0.,-1.));
#3143=DIRECTION('ref_axis',(1.,0.,0.));
#3144=DIRECTION('center_axis',(0.,0.,-1.));
#3145=DIRECTION('ref_axis',(1.,0.,0.));
#3146=DIRECTION('center_axis',(-0.707106781186548,0.707106781186547,0.));
#3147=DIRECTION('ref_axis',(0.,0.,1.));
#3148=DIRECTION('',(0.,0.,-1.));
#3149=DIRECTION('',(0.,0.,1.));
#3150=DIRECTION('center_axis',(-1.,0.,0.));
#3151=DIRECTION('ref_axis',(0.,-1.,0.));
#3152=DIRECTION('',(0.,0.,-1.));
#3153=DIRECTION('center_axis',(0.707106781186548,0.707106781186547,0.));
#3154=DIRECTION('ref_axis',(0.,0.,-1.));
#3155=DIRECTION('',(0.,0.,-1.));
#3156=DIRECTION('center_axis',(1.,0.,0.));
#3157=DIRECTION('ref_axis',(0.,1.,0.));
#3158=DIRECTION('',(0.,0.,1.));
#3159=DIRECTION('center_axis',(0.707106781186548,0.707106781186547,0.));
#3160=DIRECTION('ref_axis',(0.,0.,-1.));
#3161=DIRECTION('',(0.,0.,-1.));
#3162=DIRECTION('',(0.,0.,1.));
#3163=DIRECTION('center_axis',(0.,1.,0.));
#3164=DIRECTION('ref_axis',(-1.,0.,0.));
#3165=DIRECTION('center_axis',(0.707106781186547,-0.707106781186548,0.));
#3166=DIRECTION('ref_axis',(0.,0.,-1.));
#3167=DIRECTION('center_axis',(0.707106781186548,-0.707106781186547,0.));
#3168=DIRECTION('ref_axis',(0.,0.,-1.));
#3169=DIRECTION('',(0.,0.,1.));
#3170=DIRECTION('center_axis',(1.,0.,0.));
#3171=DIRECTION('ref_axis',(0.,1.,0.));
#3172=DIRECTION('center_axis',(-0.707106781186548,-0.707106781186547,0.));
#3173=DIRECTION('ref_axis',(0.,0.,1.));
#3174=DIRECTION('center_axis',(-0.707106781186547,-0.707106781186548,0.));
#3175=DIRECTION('ref_axis',(0.,0.,1.));
#3176=DIRECTION('center_axis',(0.,0.,1.));
#3177=DIRECTION('ref_axis',(1.,0.,0.));
#3178=DIRECTION('',(0.,0.,-1.));
#3179=DIRECTION('center_axis',(0.,0.,1.));
#3180=DIRECTION('ref_axis',(1.,0.,0.));
#3181=DIRECTION('',(0.,0.,-1.));
#3182=DIRECTION('center_axis',(0.,0.,1.));
#3183=DIRECTION('ref_axis',(1.,0.,0.));
#3184=DIRECTION('',(0.,0.,-1.));
#3185=DIRECTION('center_axis',(0.,0.,1.));
#3186=DIRECTION('ref_axis',(1.,0.,0.));
#3187=DIRECTION('',(0.,0.,-1.));
#3188=DIRECTION('center_axis',(0.,0.,1.));
#3189=DIRECTION('ref_axis',(1.,0.,0.));
#3190=CARTESIAN_POINT('',(0.,0.,0.));
#3191=CARTESIAN_POINT('Ctrl Pts',(-4.93394120795966,-3.95492472773492,12.6));
#3192=CARTESIAN_POINT('Ctrl Pts',(-4.93394120795966,-3.95492472773492,12.1));
#3193=CARTESIAN_POINT('Ctrl Pts',(-4.93453800747587,-3.96275043648937,12.6));
#3194=CARTESIAN_POINT('Ctrl Pts',(-4.93453800747587,-3.96275043648937,12.1));
#3195=CARTESIAN_POINT('Ctrl Pts',(-4.93573965055304,-3.97850733389538,12.6));
#3196=CARTESIAN_POINT('Ctrl Pts',(-4.93573965055304,-3.97850733389538,12.1));
#3197=CARTESIAN_POINT('Ctrl Pts',(-4.94391199974091,-3.99203715147199,12.6));
#3198=CARTESIAN_POINT('Ctrl Pts',(-4.94391199974091,-3.99203715147199,12.1));
#3199=CARTESIAN_POINT('Ctrl Pts',(-4.94802552802412,-3.99884734594469,12.6));
#3200=CARTESIAN_POINT('Ctrl Pts',(-4.94802552802412,-3.99884734594469,12.1));
#3201=CARTESIAN_POINT('',(-4.93394120795966,-3.95492472773492,12.6));
#3202=CARTESIAN_POINT('',(-4.94802552802412,-3.99884734594469,12.6));
#3203=CARTESIAN_POINT('Ctrl Pts',(-4.93394120795966,-3.95492472773492,12.6));
#3204=CARTESIAN_POINT('Ctrl Pts',(-4.93453800747587,-3.96275043648937,12.6));
#3205=CARTESIAN_POINT('Ctrl Pts',(-4.93573965055304,-3.97850733389538,12.6));
#3206=CARTESIAN_POINT('Ctrl Pts',(-4.94391199974091,-3.99203715147199,12.6));
#3207=CARTESIAN_POINT('Ctrl Pts',(-4.94802552802412,-3.99884734594469,12.6));
#3208=CARTESIAN_POINT('',(-4.93394120795966,-3.95492472773492,12.1));
#3209=CARTESIAN_POINT('',(-4.93394120795966,-3.95492472773492,12.6));
#3210=CARTESIAN_POINT('',(-4.94802552802412,-3.99884734594469,12.1));
#3211=CARTESIAN_POINT('Ctrl Pts',(-4.93394120795966,-3.95492472773492,12.1));
#3212=CARTESIAN_POINT('Ctrl Pts',(-4.93453800747587,-3.96275043648937,12.1));
#3213=CARTESIAN_POINT('Ctrl Pts',(-4.93573965055304,-3.97850733389538,12.1));
#3214=CARTESIAN_POINT('Ctrl Pts',(-4.94391199974091,-3.99203715147199,12.1));
#3215=CARTESIAN_POINT('Ctrl Pts',(-4.94802552802412,-3.99884734594469,12.1));
#3216=CARTESIAN_POINT('',(-4.94802552802412,-3.99884734594469,12.6));
#3217=CARTESIAN_POINT('Ctrl Pts',(-5.01110711430028,-3.87880270848306,12.6));
#3218=CARTESIAN_POINT('Ctrl Pts',(-5.01110711430028,-3.87880270848306,12.1));
#3219=CARTESIAN_POINT('Ctrl Pts',(-4.98861850382451,-3.88189625536713,12.6));
#3220=CARTESIAN_POINT('Ctrl Pts',(-4.98861850382451,-3.88189625536713,12.1));
#3221=CARTESIAN_POINT('Ctrl Pts',(-4.94385145441375,-3.88805443781077,12.6));
#3222=CARTESIAN_POINT('Ctrl Pts',(-4.94385145441375,-3.88805443781077,12.1));
#3223=CARTESIAN_POINT('Ctrl Pts',(-4.93723426802836,-3.93270450520544,12.6));
#3224=CARTESIAN_POINT('Ctrl Pts',(-4.93723426802836,-3.93270450520544,12.1));
#3225=CARTESIAN_POINT('Ctrl Pts',(-4.93394120795966,-3.95492472773492,12.6));
#3226=CARTESIAN_POINT('Ctrl Pts',(-4.93394120795966,-3.95492472773492,12.1));
#3227=CARTESIAN_POINT('',(-5.01110711430028,-3.87880270848306,12.6));
#3228=CARTESIAN_POINT('Ctrl Pts',(-5.01110711430028,-3.87880270848306,12.6));
#3229=CARTESIAN_POINT('Ctrl Pts',(-4.98861850382451,-3.88189625536713,12.6));
#3230=CARTESIAN_POINT('Ctrl Pts',(-4.94385145441375,-3.88805443781077,12.6));
#3231=CARTESIAN_POINT('Ctrl Pts',(-4.93723426802836,-3.93270450520544,12.6));
#3232=CARTESIAN_POINT('Ctrl Pts',(-4.93394120795966,-3.95492472773492,12.6));
#3233=CARTESIAN_POINT('',(-5.01110711430028,-3.87880270848306,12.1));
#3234=CARTESIAN_POINT('',(-5.01110711430028,-3.87880270848306,12.6));
#3235=CARTESIAN_POINT('Ctrl Pts',(-5.01110711430028,-3.87880270848306,12.1));
#3236=CARTESIAN_POINT('Ctrl Pts',(-4.98861850382451,-3.88189625536713,12.1));
#3237=CARTESIAN_POINT('Ctrl Pts',(-4.94385145441375,-3.88805443781077,12.1));
#3238=CARTESIAN_POINT('Ctrl Pts',(-4.93723426802836,-3.93270450520544,12.1));
#3239=CARTESIAN_POINT('Ctrl Pts',(-4.93394120795966,-3.95492472773492,12.1));
#3240=CARTESIAN_POINT('Ctrl Pts',(-5.07449456322986,-3.91156953712575,12.6));
#3241=CARTESIAN_POINT('Ctrl Pts',(-5.07449456322986,-3.91156953712575,12.1));
#3242=CARTESIAN_POINT('Ctrl Pts',(-5.06620883112835,-3.90202251197607,12.6));
#3243=CARTESIAN_POINT('Ctrl Pts',(-5.06620883112835,-3.90202251197607,12.1));
#3244=CARTESIAN_POINT('Ctrl Pts',(-5.04944827044443,-3.88271058004153,12.6));
#3245=CARTESIAN_POINT('Ctrl Pts',(-5.04944827044443,-3.88271058004153,12.1));
#3246=CARTESIAN_POINT('Ctrl Pts',(-5.02398326701359,-3.88011509329435,12.6));
#3247=CARTESIAN_POINT('Ctrl Pts',(-5.02398326701359,-3.88011509329435,12.1));
#3248=CARTESIAN_POINT('Ctrl Pts',(-5.01110711430028,-3.87880270848306,12.6));
#3249=CARTESIAN_POINT('Ctrl Pts',(-5.01110711430028,-3.87880270848306,12.1));
#3250=CARTESIAN_POINT('',(-5.07449456322986,-3.91156953712575,12.6));
#3251=CARTESIAN_POINT('Ctrl Pts',(-5.07449456322986,-3.91156953712575,12.6));
#3252=CARTESIAN_POINT('Ctrl Pts',(-5.06620883112835,-3.90202251197607,12.6));
#3253=CARTESIAN_POINT('Ctrl Pts',(-5.04944827044443,-3.88271058004153,12.6));
#3254=CARTESIAN_POINT('Ctrl Pts',(-5.02398326701359,-3.88011509329435,12.6));
#3255=CARTESIAN_POINT('Ctrl Pts',(-5.01110711430028,-3.87880270848306,12.6));
#3256=CARTESIAN_POINT('',(-5.07449456322986,-3.91156953712575,12.1));
#3257=CARTESIAN_POINT('',(-5.07449456322986,-3.91156953712575,12.6));
#3258=CARTESIAN_POINT('Ctrl Pts',(-5.07449456322986,-3.91156953712575,12.1));
#3259=CARTESIAN_POINT('Ctrl Pts',(-5.06620883112835,-3.90202251197607,12.1));
#3260=CARTESIAN_POINT('Ctrl Pts',(-5.04944827044443,-3.88271058004153,12.1));
#3261=CARTESIAN_POINT('Ctrl Pts',(-5.02398326701359,-3.88011509329435,12.1));
#3262=CARTESIAN_POINT('Ctrl Pts',(-5.01110711430028,-3.87880270848306,12.1));
#3263=CARTESIAN_POINT('Origin',(-5.35952841549588,-4.34120486161655,12.6));
#3264=CARTESIAN_POINT('',(-5.35952841549588,-4.34120486161655,12.6));
#3265=CARTESIAN_POINT('',(-3.54059380029796,-1.59950047311908,12.6));
#3266=CARTESIAN_POINT('',(-5.35952841549588,-4.34120486161655,12.1));
#3267=CARTESIAN_POINT('',(-5.35952841549588,-4.34120486161655,12.6));
#3268=CARTESIAN_POINT('',(-5.35952841549588,-4.34120486161655,12.1));
#3269=CARTESIAN_POINT('Origin',(-5.66079787466656,-3.90411043376845,12.6));
#3270=CARTESIAN_POINT('',(-5.66079787466656,-3.90411043376845,12.6));
#3271=CARTESIAN_POINT('',(-5.661353452458,-3.90330437809474,12.6));
#3272=CARTESIAN_POINT('',(-5.66079787466656,-3.90411043376845,12.1));
#3273=CARTESIAN_POINT('',(-5.66079787466656,-3.90411043376845,12.6));
#3274=CARTESIAN_POINT('',(-5.66079787466656,-3.90411043376845,12.1));
#3275=CARTESIAN_POINT('Ctrl Pts',(-5.7092562320781,-3.87946061715177,12.6));
#3276=CARTESIAN_POINT('Ctrl Pts',(-5.7092562320781,-3.87946061715177,12.1));
#3277=CARTESIAN_POINT('Ctrl Pts',(-5.69718880966449,-3.87962325296481,12.6));
#3278=CARTESIAN_POINT('Ctrl Pts',(-5.69718880966449,-3.87962325296481,12.1));
#3279=CARTESIAN_POINT('Ctrl Pts',(-5.67640508886875,-3.87990336061447,12.6));
#3280=CARTESIAN_POINT('Ctrl Pts',(-5.67640508886875,-3.87990336061447,12.1));
#3281=CARTESIAN_POINT('Ctrl Pts',(-5.66540930000428,-3.89695802917861,12.6));
#3282=CARTESIAN_POINT('Ctrl Pts',(-5.66540930000428,-3.89695802917861,12.1));
#3283=CARTESIAN_POINT('Ctrl Pts',(-5.66079787466656,-3.90411043376845,12.6));
#3284=CARTESIAN_POINT('Ctrl Pts',(-5.66079787466656,-3.90411043376845,12.1));
#3285=CARTESIAN_POINT('',(-5.7092562320781,-3.87946061715177,12.6));
#3286=CARTESIAN_POINT('Ctrl Pts',(-5.7092562320781,-3.87946061715177,12.6));
#3287=CARTESIAN_POINT('Ctrl Pts',(-5.69718880966449,-3.87962325296481,12.6));
#3288=CARTESIAN_POINT('Ctrl Pts',(-5.67640508886875,-3.87990336061447,12.6));
#3289=CARTESIAN_POINT('Ctrl Pts',(-5.66540930000428,-3.89695802917861,12.6));
#3290=CARTESIAN_POINT('Ctrl Pts',(-5.66079787466656,-3.90411043376845,12.6));
#3291=CARTESIAN_POINT('',(-5.7092562320781,-3.87946061715177,12.1));
#3292=CARTESIAN_POINT('',(-5.7092562320781,-3.87946061715177,12.6));
#3293=CARTESIAN_POINT('Ctrl Pts',(-5.7092562320781,-3.87946061715177,12.1));
#3294=CARTESIAN_POINT('Ctrl Pts',(-5.69718880966449,-3.87962325296481,12.1));
#3295=CARTESIAN_POINT('Ctrl Pts',(-5.67640508886875,-3.87990336061447,12.1));
#3296=CARTESIAN_POINT('Ctrl Pts',(-5.66540930000428,-3.89695802917861,12.1));
#3297=CARTESIAN_POINT('Ctrl Pts',(-5.66079787466656,-3.90411043376845,12.1));
#3298=CARTESIAN_POINT('Ctrl Pts',(-5.78539318051249,-3.95572710307204,12.6));
#3299=CARTESIAN_POINT('Ctrl Pts',(-5.78539318051249,-3.95572710307204,12.1));
#3300=CARTESIAN_POINT('Ctrl Pts',(-5.78223782646103,-3.93350066454532,12.6));
#3301=CARTESIAN_POINT('Ctrl Pts',(-5.78223782646103,-3.93350066454532,12.1));
#3302=CARTESIAN_POINT('Ctrl Pts',(-5.77592665061789,-3.88904449271134,12.6));
#3303=CARTESIAN_POINT('Ctrl Pts',(-5.77592665061789,-3.88904449271134,12.1));
#3304=CARTESIAN_POINT('Ctrl Pts',(-5.73148080292982,-3.88265540017658,12.6));
#3305=CARTESIAN_POINT('Ctrl Pts',(-5.73148080292982,-3.88265540017658,12.1));
#3306=CARTESIAN_POINT('Ctrl Pts',(-5.7092562320781,-3.87946061715177,12.6));
#3307=CARTESIAN_POINT('Ctrl Pts',(-5.7092562320781,-3.87946061715177,12.1));
#3308=CARTESIAN_POINT('',(-5.78539318051249,-3.95572710307204,12.6));
#3309=CARTESIAN_POINT('Ctrl Pts',(-5.78539318051249,-3.95572710307204,12.6));
#3310=CARTESIAN_POINT('Ctrl Pts',(-5.78223782646103,-3.93350066454532,12.6));
#3311=CARTESIAN_POINT('Ctrl Pts',(-5.77592665061789,-3.88904449271134,12.6));
#3312=CARTESIAN_POINT('Ctrl Pts',(-5.73148080292982,-3.88265540017658,12.6));
#3313=CARTESIAN_POINT('Ctrl Pts',(-5.7092562320781,-3.87946061715177,12.6));
#3314=CARTESIAN_POINT('',(-5.78539318051249,-3.95572710307204,12.1));
#3315=CARTESIAN_POINT('',(-5.78539318051249,-3.95572710307204,12.6));
#3316=CARTESIAN_POINT('Ctrl Pts',(-5.78539318051249,-3.95572710307204,12.1));
#3317=CARTESIAN_POINT('Ctrl Pts',(-5.78223782646103,-3.93350066454532,12.1));
#3318=CARTESIAN_POINT('Ctrl Pts',(-5.77592665061789,-3.88904449271134,12.1));
#3319=CARTESIAN_POINT('Ctrl Pts',(-5.73148080292982,-3.88265540017658,12.1));
#3320=CARTESIAN_POINT('Ctrl Pts',(-5.7092562320781,-3.87946061715177,12.1));
#3321=CARTESIAN_POINT('Ctrl Pts',(-5.77167582043571,-3.99962352205601,12.6));
#3322=CARTESIAN_POINT('Ctrl Pts',(-5.77167582043571,-3.99962352205601,12.1));
#3323=CARTESIAN_POINT('Ctrl Pts',(-5.77567088211247,-3.99291609707358,12.6));
#3324=CARTESIAN_POINT('Ctrl Pts',(-5.77567088211247,-3.99291609707358,12.1));
#3325=CARTESIAN_POINT('Ctrl Pts',(-5.78373323687818,-3.97937997569471,12.6));
#3326=CARTESIAN_POINT('Ctrl Pts',(-5.78373323687818,-3.97937997569471,12.1));
#3327=CARTESIAN_POINT('Ctrl Pts',(-5.78483657100884,-3.9636583444819,12.6));
#3328=CARTESIAN_POINT('Ctrl Pts',(-5.78483657100884,-3.9636583444819,12.1));
#3329=CARTESIAN_POINT('Ctrl Pts',(-5.78539318051249,-3.95572710307204,12.6));
#3330=CARTESIAN_POINT('Ctrl Pts',(-5.78539318051249,-3.95572710307204,12.1));
#3331=CARTESIAN_POINT('',(-5.77167582043571,-3.99962352205601,12.6));
#3332=CARTESIAN_POINT('Ctrl Pts',(-5.77167582043571,-3.99962352205601,12.6));
#3333=CARTESIAN_POINT('Ctrl Pts',(-5.77567088211247,-3.99291609707358,12.6));
#3334=CARTESIAN_POINT('Ctrl Pts',(-5.78373323687818,-3.97937997569471,12.6));
#3335=CARTESIAN_POINT('Ctrl Pts',(-5.78483657100884,-3.9636583444819,12.6));
#3336=CARTESIAN_POINT('Ctrl Pts',(-5.78539318051249,-3.95572710307204,12.6));
#3337=CARTESIAN_POINT('',(-5.77167582043571,-3.99962352205601,12.1));
#3338=CARTESIAN_POINT('',(-5.77167582043571,-3.99962352205601,12.6));
#3339=CARTESIAN_POINT('Ctrl Pts',(-5.77167582043571,-3.99962352205601,12.1));
#3340=CARTESIAN_POINT('Ctrl Pts',(-5.77567088211247,-3.99291609707358,12.1));
#3341=CARTESIAN_POINT('Ctrl Pts',(-5.78373323687818,-3.97937997569471,12.1));
#3342=CARTESIAN_POINT('Ctrl Pts',(-5.78483657100884,-3.9636583444819,12.1));
#3343=CARTESIAN_POINT('Ctrl Pts',(-5.78539318051249,-3.95572710307204,12.1));
#3344=CARTESIAN_POINT('Origin',(-5.43562968960513,-4.48513438770003,12.6));
#3345=CARTESIAN_POINT('',(-5.43562968960513,-4.48513438770003,12.6));
#3346=CARTESIAN_POINT('',(-5.60476665909871,-4.24076961471999,12.6));
#3347=CARTESIAN_POINT('',(-5.43562968960513,-4.48513438770003,12.1));
#3348=CARTESIAN_POINT('',(-5.43562968960513,-4.48513438770003,12.6));
#3349=CARTESIAN_POINT('',(-5.43562968960513,-4.48513438770003,12.1));
#3350=CARTESIAN_POINT('Origin',(-5.43514166551868,-5.00300807080229,12.6));
#3351=CARTESIAN_POINT('',(-5.43514166551868,-5.00300807080229,12.6));
#3352=CARTESIAN_POINT('',(-5.43749657054904,-2.50406718799358,12.6));
#3353=CARTESIAN_POINT('',(-5.43514166551868,-5.00300807080229,12.1));
#3354=CARTESIAN_POINT('',(-5.43514166551868,-5.00300807080229,12.6));
#3355=CARTESIAN_POINT('',(-5.43514166551868,-5.00300807080229,12.1));
#3356=CARTESIAN_POINT('Ctrl Pts',(-5.35905788102347,-5.07913110980384,12.6));
#3357=CARTESIAN_POINT('Ctrl Pts',(-5.35905788102347,-5.07913110980384,12.1));
#3358=CARTESIAN_POINT('Ctrl Pts',(-5.38123103978371,-5.0759650206075,12.6));
#3359=CARTESIAN_POINT('Ctrl Pts',(-5.38123103978371,-5.0759650206075,12.1));
#3360=CARTESIAN_POINT('Ctrl Pts',(-5.42561994523009,-5.06962676111588,12.6));
#3361=CARTESIAN_POINT('Ctrl Pts',(-5.42561994523009,-5.06962676111588,12.1));
#3362=CARTESIAN_POINT('Ctrl Pts',(-5.4319657293164,-5.02522849987418,12.6));
#3363=CARTESIAN_POINT('Ctrl Pts',(-5.4319657293164,-5.02522849987418,12.1));
#3364=CARTESIAN_POINT('Ctrl Pts',(-5.43514166551868,-5.00300807080229,12.6));
#3365=CARTESIAN_POINT('Ctrl Pts',(-5.43514166551868,-5.00300807080229,12.1));
#3366=CARTESIAN_POINT('',(-5.35905788102347,-5.07913110980384,12.6));
#3367=CARTESIAN_POINT('Ctrl Pts',(-5.35905788102347,-5.07913110980384,12.6));
#3368=CARTESIAN_POINT('Ctrl Pts',(-5.38123103978371,-5.0759650206075,12.6));
#3369=CARTESIAN_POINT('Ctrl Pts',(-5.42561994523009,-5.06962676111588,12.6));
#3370=CARTESIAN_POINT('Ctrl Pts',(-5.4319657293164,-5.02522849987418,12.6));
#3371=CARTESIAN_POINT('Ctrl Pts',(-5.43514166551868,-5.00300807080229,12.6));
#3372=CARTESIAN_POINT('',(-5.35905788102347,-5.07913110980384,12.1));
#3373=CARTESIAN_POINT('',(-5.35905788102347,-5.07913110980384,12.6));
#3374=CARTESIAN_POINT('Ctrl Pts',(-5.35905788102347,-5.07913110980384,12.1));
#3375=CARTESIAN_POINT('Ctrl Pts',(-5.38123103978371,-5.0759650206075,12.1));
#3376=CARTESIAN_POINT('Ctrl Pts',(-5.42561994523009,-5.06962676111588,12.1));
#3377=CARTESIAN_POINT('Ctrl Pts',(-5.4319657293164,-5.02522849987418,12.1));
#3378=CARTESIAN_POINT('Ctrl Pts',(-5.43514166551868,-5.00300807080229,12.1));
#3379=CARTESIAN_POINT('Ctrl Pts',(-5.28221826864498,-5.0028639617203,12.6));
#3380=CARTESIAN_POINT('Ctrl Pts',(-5.28221826864498,-5.0028639617203,12.1));
#3381=CARTESIAN_POINT('Ctrl Pts',(-5.28544971608623,-5.02509034606885,12.6));
#3382=CARTESIAN_POINT('Ctrl Pts',(-5.28544971608623,-5.02509034606885,12.1));
#3383=CARTESIAN_POINT('Ctrl Pts',(-5.29193691096723,-5.0697102538318,12.6));
#3384=CARTESIAN_POINT('Ctrl Pts',(-5.29193691096723,-5.0697102538318,12.1));
#3385=CARTESIAN_POINT('Ctrl Pts',(-5.33662842191141,-5.07598299225356,12.6));
#3386=CARTESIAN_POINT('Ctrl Pts',(-5.33662842191141,-5.07598299225356,12.1));
#3387=CARTESIAN_POINT('Ctrl Pts',(-5.35905788102347,-5.07913110980384,12.6));
#3388=CARTESIAN_POINT('Ctrl Pts',(-5.35905788102347,-5.07913110980384,12.1));
#3389=CARTESIAN_POINT('',(-5.28221826864498,-5.0028639617203,12.6));
#3390=CARTESIAN_POINT('Ctrl Pts',(-5.28221826864498,-5.0028639617203,12.6));
#3391=CARTESIAN_POINT('Ctrl Pts',(-5.28544971608623,-5.02509034606885,12.6));
#3392=CARTESIAN_POINT('Ctrl Pts',(-5.29193691096723,-5.0697102538318,12.6));
#3393=CARTESIAN_POINT('Ctrl Pts',(-5.33662842191141,-5.07598299225356,12.6));
#3394=CARTESIAN_POINT('Ctrl Pts',(-5.35905788102347,-5.07913110980384,12.6));
#3395=CARTESIAN_POINT('',(-5.28221826864498,-5.0028639617203,12.1));
#3396=CARTESIAN_POINT('',(-5.28221826864498,-5.0028639617203,12.6));
#3397=CARTESIAN_POINT('Ctrl Pts',(-5.28221826864498,-5.0028639617203,12.1));
#3398=CARTESIAN_POINT('Ctrl Pts',(-5.28544971608623,-5.02509034606885,12.1));
#3399=CARTESIAN_POINT('Ctrl Pts',(-5.29193691096723,-5.0697102538318,12.1));
#3400=CARTESIAN_POINT('Ctrl Pts',(-5.33662842191141,-5.07598299225356,12.1));
#3401=CARTESIAN_POINT('Ctrl Pts',(-5.35905788102347,-5.07913110980384,12.1));
#3402=CARTESIAN_POINT('Origin',(-5.28270691522529,-4.48432971043563,12.6));
#3403=CARTESIAN_POINT('',(-5.28270691522529,-4.48432971043563,12.6));
#3404=CARTESIAN_POINT('',(-5.28481749696549,-2.24465595326926,12.6));
#3405=CARTESIAN_POINT('',(-5.28270691522529,-4.48432971043563,12.1));
#3406=CARTESIAN_POINT('',(-5.28270691522529,-4.48432971043563,12.6));
#3407=CARTESIAN_POINT('',(-5.28270691522529,-4.48432971043563,12.1));
#3408=CARTESIAN_POINT('Origin',(-4.94802552802412,-3.99884734594469,12.6));
#3409=CARTESIAN_POINT('',(-3.21670499832721,-1.48742718159667,12.6));
#3410=CARTESIAN_POINT('',(-4.94802552802412,-3.99884734594469,12.1));
#3411=CARTESIAN_POINT('Origin',(-5.35966719423608,-4.47896690914345,12.1));
#3412=CARTESIAN_POINT('Origin',(2.14082645884992,-4.5,12.6));
#3413=CARTESIAN_POINT('',(3.04082645884991,-4.5,12.6));
#3414=CARTESIAN_POINT('Origin',(2.14082645884992,-4.5,12.6));
#3415=CARTESIAN_POINT('',(3.04082645884991,-4.5,12.1));
#3416=CARTESIAN_POINT('',(3.04082645884991,-4.5,12.6));
#3417=CARTESIAN_POINT('Origin',(2.14082645884992,-4.5,12.1));
#3418=CARTESIAN_POINT('Origin',(-2.40006171148013,-4.34999999999995,12.6));
#3419=CARTESIAN_POINT('',(-2.40006171148013,-4.34999999999995,12.6));
#3420=CARTESIAN_POINT('',(0.999933747535827,-4.35555685800153,12.6));
#3421=CARTESIAN_POINT('',(-1.20358881122418,-4.35195548202621,12.6));
#3422=CARTESIAN_POINT('',(-2.40006171148013,-4.34999999999995,12.1));
#3423=CARTESIAN_POINT('',(-2.40006171148013,-4.34999999999995,12.6));
#3424=CARTESIAN_POINT('',(0.999933747535827,-4.35555685800153,12.1));
#3425=CARTESIAN_POINT('',(0.999933747535827,-4.35555685800153,12.1));
#3426=CARTESIAN_POINT('',(0.999933747535827,-4.35555685800153,12.6));
#3427=CARTESIAN_POINT('Origin',(-2.39938379034459,-3.93521006263109,12.6));
#3428=CARTESIAN_POINT('',(-2.39938379034459,-3.93521006263109,12.6));
#3429=CARTESIAN_POINT('',(-2.39616479542831,-1.96564954928932,12.6));
#3430=CARTESIAN_POINT('',(-2.39938379034459,-3.93521006263109,12.1));
#3431=CARTESIAN_POINT('',(-2.39938379034459,-3.93521006263109,12.6));
#3432=CARTESIAN_POINT('',(-2.40006171148013,-4.34999999999995,12.1));
#3433=CARTESIAN_POINT('Origin',(-4.38363840747529,-4.5,12.6));
#3434=CARTESIAN_POINT('',(-4.38363840747529,-4.5,12.6));
#3435=CARTESIAN_POINT('',(-1.76365337795634,-3.75425841625645,12.6));
#3436=CARTESIAN_POINT('',(-4.38363840747529,-4.5,12.1));
#3437=CARTESIAN_POINT('',(-4.38363840747529,-4.5,12.6));
#3438=CARTESIAN_POINT('',(-2.39938379034459,-3.93521006263109,12.1));
#3439=CARTESIAN_POINT('Origin',(-2.39938379034459,-5.06478993736891,12.6));
#3440=CARTESIAN_POINT('',(-2.39938379034459,-5.06478993736891,12.6));
#3441=CARTESIAN_POINT('',(-1.95639229550027,-5.19088118416156,12.6));
#3442=CARTESIAN_POINT('',(-2.39938379034459,-5.06478993736891,12.1));
#3443=CARTESIAN_POINT('',(-2.39938379034459,-5.06478993736891,12.6));
#3444=CARTESIAN_POINT('',(-2.39938379034459,-5.06478993736891,12.1));
#3445=CARTESIAN_POINT('Origin',(-2.40006171148255,-4.65,12.6));
#3446=CARTESIAN_POINT('',(-2.40006171148255,-4.65,12.6));
#3447=CARTESIAN_POINT('',(-2.40385841119122,-2.32696750227711,12.6));
#3448=CARTESIAN_POINT('',(-2.40006171148255,-4.65,12.1));
#3449=CARTESIAN_POINT('',(-2.40006171148255,-4.65,12.6));
#3450=CARTESIAN_POINT('',(-2.40006171148255,-4.65,12.1));
#3451=CARTESIAN_POINT('Origin',(0.999933747535826,-4.64444314199846,12.6));
#3452=CARTESIAN_POINT('',(0.999933747535826,-4.64444314199846,12.6));
#3453=CARTESIAN_POINT('',(0.503763573463081,-4.64525406872915,12.6));
#3454=CARTESIAN_POINT('',(0.999933747535826,-4.64444314199846,12.1));
#3455=CARTESIAN_POINT('',(0.999933747535826,-4.64444314199846,12.6));
#3456=CARTESIAN_POINT('',(0.999933747535826,-4.64444314199846,12.1));
#3457=CARTESIAN_POINT('Origin',(2.14082645884992,-4.5,12.6));
#3458=CARTESIAN_POINT('',(2.28526960084838,-3.35910728868591,12.6));
#3459=CARTESIAN_POINT('Origin',(2.14082645884992,-4.5,12.6));
#3460=CARTESIAN_POINT('',(2.28526960084838,-3.35910728868591,12.1));
#3461=CARTESIAN_POINT('',(2.28526960084838,-3.35910728868591,12.6));
#3462=CARTESIAN_POINT('Origin',(2.14082645884992,-4.5,12.1));
#3463=CARTESIAN_POINT('Origin',(2.29082645884996,0.0408881703300462,12.6));
#3464=CARTESIAN_POINT('',(2.29082645884996,0.0408881703300462,12.6));
#3465=CARTESIAN_POINT('',(2.29078998610704,0.0185721132544967,12.6));
#3466=CARTESIAN_POINT('',(2.29082645884996,0.0408881703300462,12.1));
#3467=CARTESIAN_POINT('',(2.29082645884996,0.0408881703300462,12.6));
#3468=CARTESIAN_POINT('',(2.28526960084838,-3.35910728868591,12.1));
#3469=CARTESIAN_POINT('Origin',(2.70561639621883,0.0402102491945072,12.6));
#3470=CARTESIAN_POINT('',(2.70561639621883,0.0402102491945072,12.6));
#3471=CARTESIAN_POINT('',(1.35284467085234,0.0424211816727703,12.6));
#3472=CARTESIAN_POINT('',(2.70561639621883,0.0402102491945072,12.1));
#3473=CARTESIAN_POINT('',(2.70561639621883,0.0402102491945072,12.6));
#3474=CARTESIAN_POINT('',(2.29082645884996,0.0408881703300462,12.1));
#3475=CARTESIAN_POINT('Origin',(2.14082645884992,2.02446486632521,12.6));
#3476=CARTESIAN_POINT('',(2.14082645884992,2.02446486632521,12.6));
#3477=CARTESIAN_POINT('',(2.32712810665876,1.3699385010612,12.6));
#3478=CARTESIAN_POINT('',(2.14082645884992,2.02446486632521,12.1));
#3479=CARTESIAN_POINT('',(2.14082645884992,2.02446486632521,12.6));
#3480=CARTESIAN_POINT('',(2.70561639621883,0.0402102491945072,12.1));
#3481=CARTESIAN_POINT('Origin',(1.576036521481,0.0402102491945071,12.6));
#3482=CARTESIAN_POINT('',(1.576036521481,0.0402102491945071,12.6));
#3483=CARTESIAN_POINT('',(1.51168423885129,-0.185876133515793,12.6));
#3484=CARTESIAN_POINT('',(1.576036521481,0.0402102491945072,12.1));
#3485=CARTESIAN_POINT('',(1.576036521481,0.0402102491945071,12.6));
#3486=CARTESIAN_POINT('',(1.576036521481,0.0402102491945071,12.1));
#3487=CARTESIAN_POINT('Origin',(1.99082645884992,0.0408881703324645,12.6));
#3488=CARTESIAN_POINT('',(1.99082645884992,0.0408881703324645,12.6));
#3489=CARTESIAN_POINT('',(0.995382475183279,0.0392612443697454,12.6));
#3490=CARTESIAN_POINT('',(1.99082645884992,0.0408881703324643,12.1));
#3491=CARTESIAN_POINT('',(1.99082645884992,0.0408881703324645,12.6));
#3492=CARTESIAN_POINT('',(1.99082645884992,0.0408881703324645,12.1));
#3493=CARTESIAN_POINT('Origin',(1.99638331685145,-3.35910728868591,12.6));
#3494=CARTESIAN_POINT('',(1.99638331685145,-3.35910728868591,12.6));
#3495=CARTESIAN_POINT('',(1.99363564209226,-1.67792671838603,12.6));
#3496=CARTESIAN_POINT('',(1.99638331685145,-3.35910728868591,12.1));
#3497=CARTESIAN_POINT('',(1.99638331685145,-3.35910728868591,12.6));
#3498=CARTESIAN_POINT('',(1.99638331685145,-3.35910728868591,12.1));
#3499=CARTESIAN_POINT('Origin',(2.14082645884992,-4.5,12.6));
#3500=CARTESIAN_POINT('Origin',(2.14082645884992,-4.5,12.6));
#3501=CARTESIAN_POINT('Origin',(2.14082645884992,-4.5,12.1));
#3502=CARTESIAN_POINT('Origin',(-0.546405974312689,-1.8127675668374,12.1));
#3503=CARTESIAN_POINT('Origin',(2.14082645884992,-4.5,12.6));
#3504=CARTESIAN_POINT('',(2.59082645884992,-4.5,12.6));
#3505=CARTESIAN_POINT('Origin',(2.14082645884992,-4.5,12.6));
#3506=CARTESIAN_POINT('',(2.59082645884992,-4.5,12.1));
#3507=CARTESIAN_POINT('',(2.59082645884992,-4.5,12.6));
#3508=CARTESIAN_POINT('Origin',(2.14082645884992,-4.5,12.1));
#3509=CARTESIAN_POINT('Origin',(2.14082645884992,-4.5,12.1));
#3510=CARTESIAN_POINT('Ctrl Pts',(4.50820570037738,-3.95410782595261,12.6));
#3511=CARTESIAN_POINT('Ctrl Pts',(4.50820570037738,-3.95410782595261,12.1));
#3512=CARTESIAN_POINT('Ctrl Pts',(4.50743562157543,-3.96135703036147,12.6));
#3513=CARTESIAN_POINT('Ctrl Pts',(4.50743562157543,-3.96135703036147,12.1));
#3514=CARTESIAN_POINT('Ctrl Pts',(4.50574033659675,-3.97731574434058,12.6));
#3515=CARTESIAN_POINT('Ctrl Pts',(4.50574033659675,-3.97731574434058,12.1));
#3516=CARTESIAN_POINT('Ctrl Pts',(4.49822440922809,-3.9915351342365,12.6));
#3517=CARTESIAN_POINT('Ctrl Pts',(4.49822440922809,-3.9915351342365,12.1));
#3518=CARTESIAN_POINT('Ctrl Pts',(4.49412257236127,-3.99929540317444,12.6));
#3519=CARTESIAN_POINT('Ctrl Pts',(4.49412257236127,-3.99929540317444,12.1));
#3520=CARTESIAN_POINT('',(4.50820570037738,-3.95410782595261,12.6));
#3521=CARTESIAN_POINT('',(4.49412257236127,-3.99929540317444,12.6));
#3522=CARTESIAN_POINT('Ctrl Pts',(4.50820570037738,-3.95410782595261,12.6));
#3523=CARTESIAN_POINT('Ctrl Pts',(4.50743562157543,-3.96135703036147,12.6));
#3524=CARTESIAN_POINT('Ctrl Pts',(4.50574033659675,-3.97731574434058,12.6));
#3525=CARTESIAN_POINT('Ctrl Pts',(4.49822440922809,-3.9915351342365,12.6));
#3526=CARTESIAN_POINT('Ctrl Pts',(4.49412257236127,-3.99929540317444,12.6));
#3527=CARTESIAN_POINT('',(4.50820570037738,-3.95410782595261,12.1));
#3528=CARTESIAN_POINT('',(4.50820570037738,-3.95410782595261,12.6));
#3529=CARTESIAN_POINT('',(4.49412257236127,-3.99929540317444,12.1));
#3530=CARTESIAN_POINT('Ctrl Pts',(4.50820570037738,-3.95410782595261,12.1));
#3531=CARTESIAN_POINT('Ctrl Pts',(4.50743562157543,-3.96135703036147,12.1));
#3532=CARTESIAN_POINT('Ctrl Pts',(4.50574033659675,-3.97731574434058,12.1));
#3533=CARTESIAN_POINT('Ctrl Pts',(4.49822440922809,-3.9915351342365,12.1));
#3534=CARTESIAN_POINT('Ctrl Pts',(4.49412257236127,-3.99929540317444,12.1));
#3535=CARTESIAN_POINT('',(4.49412257236127,-3.99929540317444,12.6));
#3536=CARTESIAN_POINT('Ctrl Pts',(4.4310404662172,-3.87885722636085,12.6));
#3537=CARTESIAN_POINT('Ctrl Pts',(4.4310404662172,-3.87885722636085,12.1));
#3538=CARTESIAN_POINT('Ctrl Pts',(4.45352855694076,-3.88185617946303,12.6));
#3539=CARTESIAN_POINT('Ctrl Pts',(4.45352855694076,-3.88185617946303,12.1));
#3540=CARTESIAN_POINT('Ctrl Pts',(4.49809054856873,-3.88779885039383,12.6));
#3541=CARTESIAN_POINT('Ctrl Pts',(4.49809054856873,-3.88779885039383,12.1));
#3542=CARTESIAN_POINT('Ctrl Pts',(4.50485494074662,-3.93214222003165,12.6));
#3543=CARTESIAN_POINT('Ctrl Pts',(4.50485494074662,-3.93214222003165,12.1));
#3544=CARTESIAN_POINT('Ctrl Pts',(4.50820570037738,-3.95410782595261,12.6));
#3545=CARTESIAN_POINT('Ctrl Pts',(4.50820570037738,-3.95410782595261,12.1));
#3546=CARTESIAN_POINT('',(4.4310404662172,-3.87885722636085,12.6));
#3547=CARTESIAN_POINT('Ctrl Pts',(4.4310404662172,-3.87885722636085,12.6));
#3548=CARTESIAN_POINT('Ctrl Pts',(4.45352855694076,-3.88185617946303,12.6));
#3549=CARTESIAN_POINT('Ctrl Pts',(4.49809054856873,-3.88779885039383,12.6));
#3550=CARTESIAN_POINT('Ctrl Pts',(4.50485494074662,-3.93214222003165,12.6));
#3551=CARTESIAN_POINT('Ctrl Pts',(4.50820570037738,-3.95410782595261,12.6));
#3552=CARTESIAN_POINT('',(4.4310404662172,-3.87885722636085,12.1));
#3553=CARTESIAN_POINT('',(4.4310404662172,-3.87885722636085,12.6));
#3554=CARTESIAN_POINT('Ctrl Pts',(4.4310404662172,-3.87885722636085,12.1));
#3555=CARTESIAN_POINT('Ctrl Pts',(4.45352855694076,-3.88185617946303,12.1));
#3556=CARTESIAN_POINT('Ctrl Pts',(4.49809054856873,-3.88779885039383,12.1));
#3557=CARTESIAN_POINT('Ctrl Pts',(4.50485494074662,-3.93214222003165,12.1));
#3558=CARTESIAN_POINT('Ctrl Pts',(4.50820570037738,-3.95410782595261,12.1));
#3559=CARTESIAN_POINT('Origin',(3.84893341915895,-3.87940578147984,12.6));
#3560=CARTESIAN_POINT('',(3.84893341915895,-3.87940578147984,12.6));
#3561=CARTESIAN_POINT('',(1.92629631778957,-3.88121760016379,12.6));
#3562=CARTESIAN_POINT('',(3.84893341915895,-3.87940578147984,12.1));
#3563=CARTESIAN_POINT('',(3.84893341915895,-3.87940578147984,12.6));
#3564=CARTESIAN_POINT('',(3.84893341915895,-3.87940578147984,12.1));
#3565=CARTESIAN_POINT('Ctrl Pts',(3.77279629856632,-3.95548957924499,12.6));
#3566=CARTESIAN_POINT('Ctrl Pts',(3.77279629856632,-3.95548957924499,12.1));
#3567=CARTESIAN_POINT('Ctrl Pts',(3.77596387866247,-3.93331642002424,12.6));
#3568=CARTESIAN_POINT('Ctrl Pts',(3.77596387866247,-3.93331642002424,12.1));
#3569=CARTESIAN_POINT('Ctrl Pts',(3.78230559824566,-3.88892418564246,12.6));
#3570=CARTESIAN_POINT('Ctrl Pts',(3.78230559824566,-3.88892418564246,12.1));
#3571=CARTESIAN_POINT('Ctrl Pts',(3.82670883641393,-3.8825807699158,12.6));
#3572=CARTESIAN_POINT('Ctrl Pts',(3.82670883641393,-3.8825807699158,12.1));
#3573=CARTESIAN_POINT('Ctrl Pts',(3.84893341915895,-3.87940578147984,12.6));
#3574=CARTESIAN_POINT('Ctrl Pts',(3.84893341915895,-3.87940578147984,12.1));
#3575=CARTESIAN_POINT('',(3.77279629856632,-3.95548957924499,12.6));
#3576=CARTESIAN_POINT('Ctrl Pts',(3.77279629856632,-3.95548957924499,12.6));
#3577=CARTESIAN_POINT('Ctrl Pts',(3.77596387866247,-3.93331642002424,12.6));
#3578=CARTESIAN_POINT('Ctrl Pts',(3.78230559824566,-3.88892418564246,12.6));
#3579=CARTESIAN_POINT('Ctrl Pts',(3.82670883641393,-3.8825807699158,12.6));
#3580=CARTESIAN_POINT('Ctrl Pts',(3.84893341915895,-3.87940578147984,12.6));
#3581=CARTESIAN_POINT('',(3.77279629856632,-3.95548957924499,12.1));
#3582=CARTESIAN_POINT('',(3.77279629856632,-3.95548957924499,12.6));
#3583=CARTESIAN_POINT('Ctrl Pts',(3.77279629856632,-3.95548957924499,12.1));
#3584=CARTESIAN_POINT('Ctrl Pts',(3.77596387866247,-3.93331642002424,12.1));
#3585=CARTESIAN_POINT('Ctrl Pts',(3.78230559824566,-3.88892418564246,12.1));
#3586=CARTESIAN_POINT('Ctrl Pts',(3.82670883641393,-3.8825807699158,12.1));
#3587=CARTESIAN_POINT('Ctrl Pts',(3.84893341915895,-3.87940578147984,12.1));
#3588=CARTESIAN_POINT('Ctrl Pts',(3.84907668057928,-4.03142967015747,12.6));
#3589=CARTESIAN_POINT('Ctrl Pts',(3.84907668057928,-4.03142967015747,12.1));
#3590=CARTESIAN_POINT('Ctrl Pts',(3.82684615334921,-4.02829657573584,12.6));
#3591=CARTESIAN_POINT('Ctrl Pts',(3.82684615334921,-4.02829657573584,12.1));
#3592=CARTESIAN_POINT('Ctrl Pts',(3.78243106457563,-4.02203686513914,12.6));
#3593=CARTESIAN_POINT('Ctrl Pts',(3.78243106457563,-4.02203686513914,12.1));
#3594=CARTESIAN_POINT('Ctrl Pts',(3.77600567066472,-3.97765669802779,12.6));
#3595=CARTESIAN_POINT('Ctrl Pts',(3.77600567066472,-3.97765669802779,12.1));
#3596=CARTESIAN_POINT('Ctrl Pts',(3.77279629856632,-3.95548957924499,12.6));
#3597=CARTESIAN_POINT('Ctrl Pts',(3.77279629856632,-3.95548957924499,12.1));
#3598=CARTESIAN_POINT('',(3.84907668057928,-4.03142967015747,12.6));
#3599=CARTESIAN_POINT('Ctrl Pts',(3.84907668057928,-4.03142967015747,12.6));
#3600=CARTESIAN_POINT('Ctrl Pts',(3.82684615334921,-4.02829657573584,12.6));
#3601=CARTESIAN_POINT('Ctrl Pts',(3.78243106457563,-4.02203686513914,12.6));
#3602=CARTESIAN_POINT('Ctrl Pts',(3.77600567066472,-3.97765669802779,12.6));
#3603=CARTESIAN_POINT('Ctrl Pts',(3.77279629856632,-3.95548957924499,12.6));
#3604=CARTESIAN_POINT('',(3.84907668057928,-4.03142967015747,12.1));
#3605=CARTESIAN_POINT('',(3.84907668057928,-4.03142967015747,12.6));
#3606=CARTESIAN_POINT('Ctrl Pts',(3.84907668057928,-4.03142967015747,12.1));
#3607=CARTESIAN_POINT('Ctrl Pts',(3.82684615334921,-4.02829657573584,12.1));
#3608=CARTESIAN_POINT('Ctrl Pts',(3.78243106457563,-4.02203686513914,12.1));
#3609=CARTESIAN_POINT('Ctrl Pts',(3.77600567066472,-3.97765669802779,12.1));
#3610=CARTESIAN_POINT('Ctrl Pts',(3.77279629856632,-3.95548957924499,12.1));
#3611=CARTESIAN_POINT('Origin',(4.31441097880325,-4.03099115715093,12.6));
#3612=CARTESIAN_POINT('',(4.31441097880325,-4.03099115715093,12.6));
#3613=CARTESIAN_POINT('',(2.15910672832188,-4.03302223233815,12.6));
#3614=CARTESIAN_POINT('',(4.31441097880325,-4.03099115715093,12.1));
#3615=CARTESIAN_POINT('',(4.31441097880325,-4.03099115715093,12.6));
#3616=CARTESIAN_POINT('',(4.31441097880325,-4.03099115715093,12.1));
#3617=CARTESIAN_POINT('Origin',(3.78746036541665,-4.95924770489297,12.6));
#3618=CARTESIAN_POINT('',(3.78746036541665,-4.95924770489297,12.6));
#3619=CARTESIAN_POINT('',(4.39048754250366,-3.89697751983725,12.6));
#3620=CARTESIAN_POINT('',(3.78746036541665,-4.95924770489297,12.1));
#3621=CARTESIAN_POINT('',(3.78746036541665,-4.95924770489297,12.6));
#3622=CARTESIAN_POINT('',(3.78746036541665,-4.95924770489297,12.1));
#3623=CARTESIAN_POINT('Ctrl Pts',(3.77378368467907,-5.00326836117262,12.6));
#3624=CARTESIAN_POINT('Ctrl Pts',(3.77378368467907,-5.00326836117262,12.1));
#3625=CARTESIAN_POINT('Ctrl Pts',(3.77452857070761,-4.99619421210502,12.6));
#3626=CARTESIAN_POINT('Ctrl Pts',(3.77452857070761,-4.99619421210502,12.1));
#3627=CARTESIAN_POINT('Ctrl Pts',(3.77616536619117,-4.98064963910958,12.6));
#3628=CARTESIAN_POINT('Ctrl Pts',(3.77616536619117,-4.98064963910958,12.1));
#3629=CARTESIAN_POINT('Ctrl Pts',(3.78347646185796,-4.96679646520594,12.6));
#3630=CARTESIAN_POINT('Ctrl Pts',(3.78347646185796,-4.96679646520594,12.1));
#3631=CARTESIAN_POINT('Ctrl Pts',(3.78746036541665,-4.95924770489297,12.6));
#3632=CARTESIAN_POINT('Ctrl Pts',(3.78746036541665,-4.95924770489297,12.1));
#3633=CARTESIAN_POINT('',(3.77378368467907,-5.00326836117262,12.6));
#3634=CARTESIAN_POINT('Ctrl Pts',(3.77378368467907,-5.00326836117262,12.6));
#3635=CARTESIAN_POINT('Ctrl Pts',(3.77452857070761,-4.99619421210502,12.6));
#3636=CARTESIAN_POINT('Ctrl Pts',(3.77616536619117,-4.98064963910958,12.6));
#3637=CARTESIAN_POINT('Ctrl Pts',(3.78347646185796,-4.96679646520594,12.6));
#3638=CARTESIAN_POINT('Ctrl Pts',(3.78746036541665,-4.95924770489297,12.6));
#3639=CARTESIAN_POINT('',(3.77378368467907,-5.00326836117262,12.1));
#3640=CARTESIAN_POINT('',(3.77378368467907,-5.00326836117262,12.6));
#3641=CARTESIAN_POINT('Ctrl Pts',(3.77378368467907,-5.00326836117262,12.1));
#3642=CARTESIAN_POINT('Ctrl Pts',(3.77452857070761,-4.99619421210502,12.1));
#3643=CARTESIAN_POINT('Ctrl Pts',(3.77616536619117,-4.98064963910958,12.1));
#3644=CARTESIAN_POINT('Ctrl Pts',(3.78347646185796,-4.96679646520594,12.1));
#3645=CARTESIAN_POINT('Ctrl Pts',(3.78746036541665,-4.95924770489297,12.1));
#3646=CARTESIAN_POINT('Ctrl Pts',(3.85006425212021,-5.07940522183129,12.6));
#3647=CARTESIAN_POINT('Ctrl Pts',(3.85006425212021,-5.07940522183129,12.1));
#3648=CARTESIAN_POINT('Ctrl Pts',(3.82783369800282,-5.0762508141399,12.6));
#3649=CARTESIAN_POINT('Ctrl Pts',(3.82783369800282,-5.0762508141399,12.1));
#3650=CARTESIAN_POINT('Ctrl Pts',(3.78337261584858,-5.06994200245782,12.6));
#3651=CARTESIAN_POINT('Ctrl Pts',(3.78337261584858,-5.06994200245782,12.1));
#3652=CARTESIAN_POINT('Ctrl Pts',(3.77697999381895,-5.02549289957652,12.6));
#3653=CARTESIAN_POINT('Ctrl Pts',(3.77697999381895,-5.02549289957652,12.1));
#3654=CARTESIAN_POINT('Ctrl Pts',(3.77378368467907,-5.00326836117262,12.6));
#3655=CARTESIAN_POINT('Ctrl Pts',(3.77378368467907,-5.00326836117262,12.1));
#3656=CARTESIAN_POINT('',(3.85006425212021,-5.07940522183129,12.6));
#3657=CARTESIAN_POINT('Ctrl Pts',(3.85006425212021,-5.07940522183129,12.6));
#3658=CARTESIAN_POINT('Ctrl Pts',(3.82783369800282,-5.0762508141399,12.6));
#3659=CARTESIAN_POINT('Ctrl Pts',(3.78337261584858,-5.06994200245782,12.6));
#3660=CARTESIAN_POINT('Ctrl Pts',(3.77697999381895,-5.02549289957652,12.6));
#3661=CARTESIAN_POINT('Ctrl Pts',(3.77378368467907,-5.00326836117262,12.6));
#3662=CARTESIAN_POINT('',(3.85006425212021,-5.07940522183129,12.1));
#3663=CARTESIAN_POINT('',(3.85006425212021,-5.07940522183129,12.6));
#3664=CARTESIAN_POINT('Ctrl Pts',(3.85006425212021,-5.07940522183129,12.1));
#3665=CARTESIAN_POINT('Ctrl Pts',(3.82783369800282,-5.0762508141399,12.1));
#3666=CARTESIAN_POINT('Ctrl Pts',(3.78337261584858,-5.06994200245782,12.1));
#3667=CARTESIAN_POINT('Ctrl Pts',(3.77697999381895,-5.02549289957652,12.1));
#3668=CARTESIAN_POINT('Ctrl Pts',(3.77378368467907,-5.00326836117262,12.1));
#3669=CARTESIAN_POINT('Origin',(4.43217129917846,-5.0788566667123,12.6));
#3670=CARTESIAN_POINT('',(4.43217129917846,-5.0788566667123,12.6));
#3671=CARTESIAN_POINT('',(2.21848067427995,-5.08094276295575,12.6));
#3672=CARTESIAN_POINT('',(4.43217129917846,-5.0788566667123,12.1));
#3673=CARTESIAN_POINT('',(4.43217129917846,-5.0788566667123,12.6));
#3674=CARTESIAN_POINT('',(4.43217129917846,-5.0788566667123,12.1));
#3675=CARTESIAN_POINT('Ctrl Pts',(4.50919392088185,-5.00277203448522,12.6));
#3676=CARTESIAN_POINT('Ctrl Pts',(4.50919392088185,-5.00277203448522,12.1));
#3677=CARTESIAN_POINT('Ctrl Pts',(4.5059304916016,-5.02494508940778,12.6));
#3678=CARTESIAN_POINT('Ctrl Pts',(4.5059304916016,-5.02494508940778,12.1));
#3679=CARTESIAN_POINT('Ctrl Pts',(4.49936651695121,-5.06954338093937,12.6));
#3680=CARTESIAN_POINT('Ctrl Pts',(4.49936651695121,-5.06954338093937,12.1));
#3681=CARTESIAN_POINT('Ctrl Pts',(4.45465398099711,-5.0757405574465,12.6));
#3682=CARTESIAN_POINT('Ctrl Pts',(4.45465398099711,-5.0757405574465,12.1));
#3683=CARTESIAN_POINT('Ctrl Pts',(4.43217129917846,-5.0788566667123,12.6));
#3684=CARTESIAN_POINT('Ctrl Pts',(4.43217129917846,-5.0788566667123,12.1));
#3685=CARTESIAN_POINT('',(4.50919392088185,-5.00277203448522,12.6));
#3686=CARTESIAN_POINT('Ctrl Pts',(4.50919392088185,-5.00277203448522,12.6));
#3687=CARTESIAN_POINT('Ctrl Pts',(4.5059304916016,-5.02494508940778,12.6));
#3688=CARTESIAN_POINT('Ctrl Pts',(4.49936651695121,-5.06954338093937,12.6));
#3689=CARTESIAN_POINT('Ctrl Pts',(4.45465398099711,-5.0757405574465,12.6));
#3690=CARTESIAN_POINT('Ctrl Pts',(4.43217129917846,-5.0788566667123,12.6));
#3691=CARTESIAN_POINT('',(4.50919392088185,-5.00277203448522,12.1));
#3692=CARTESIAN_POINT('',(4.50919392088185,-5.00277203448522,12.6));
#3693=CARTESIAN_POINT('Ctrl Pts',(4.50919392088185,-5.00277203448522,12.1));
#3694=CARTESIAN_POINT('Ctrl Pts',(4.5059304916016,-5.02494508940778,12.1));
#3695=CARTESIAN_POINT('Ctrl Pts',(4.49936651695121,-5.06954338093937,12.1));
#3696=CARTESIAN_POINT('Ctrl Pts',(4.45465398099711,-5.0757405574465,12.1));
#3697=CARTESIAN_POINT('Ctrl Pts',(4.43217129917846,-5.0788566667123,12.1));
#3698=CARTESIAN_POINT('Ctrl Pts',(4.43202803768792,-4.9268327035289,12.6));
#3699=CARTESIAN_POINT('Ctrl Pts',(4.43202803768792,-4.9268327035289,12.1));
#3700=CARTESIAN_POINT('Ctrl Pts',(4.45451655257133,-4.92990643368198,12.6));
#3701=CARTESIAN_POINT('Ctrl Pts',(4.45451655257133,-4.92990643368198,12.1));
#3702=CARTESIAN_POINT('Ctrl Pts',(4.49924068905954,-4.93601932853552,12.6));
#3703=CARTESIAN_POINT('Ctrl Pts',(4.49924068905954,-4.93601932853552,12.1));
#3704=CARTESIAN_POINT('Ctrl Pts',(4.50588870737976,-4.98060516959702,12.6));
#3705=CARTESIAN_POINT('Ctrl Pts',(4.50588870737976,-4.98060516959702,12.1));
#3706=CARTESIAN_POINT('Ctrl Pts',(4.50919392088185,-5.00277203448522,12.6));
#3707=CARTESIAN_POINT('Ctrl Pts',(4.50919392088185,-5.00277203448522,12.1));
#3708=CARTESIAN_POINT('',(4.43202803768792,-4.9268327035289,12.6));
#3709=CARTESIAN_POINT('Ctrl Pts',(4.43202803768792,-4.9268327035289,12.6));
#3710=CARTESIAN_POINT('Ctrl Pts',(4.45451655257133,-4.92990643368198,12.6));
#3711=CARTESIAN_POINT('Ctrl Pts',(4.49924068905954,-4.93601932853552,12.6));
#3712=CARTESIAN_POINT('Ctrl Pts',(4.50588870737976,-4.98060516959702,12.6));
#3713=CARTESIAN_POINT('Ctrl Pts',(4.50919392088185,-5.00277203448522,12.6));
#3714=CARTESIAN_POINT('',(4.43202803768792,-4.9268327035289,12.1));
#3715=CARTESIAN_POINT('',(4.43202803768792,-4.9268327035289,12.6));
#3716=CARTESIAN_POINT('Ctrl Pts',(4.43202803768792,-4.9268327035289,12.1));
#3717=CARTESIAN_POINT('Ctrl Pts',(4.45451655257133,-4.92990643368198,12.1));
#3718=CARTESIAN_POINT('Ctrl Pts',(4.49924068905954,-4.93601932853552,12.1));
#3719=CARTESIAN_POINT('Ctrl Pts',(4.50588870737976,-4.98060516959702,12.1));
#3720=CARTESIAN_POINT('Ctrl Pts',(4.50919392088185,-5.00277203448522,12.1));
#3721=CARTESIAN_POINT('Origin',(3.96846474168547,-4.92726954761159,12.6));
#3722=CARTESIAN_POINT('',(3.96846474168547,-4.92726954761159,12.6));
#3723=CARTESIAN_POINT('',(1.98655576478819,-4.92913722181369,12.6));
#3724=CARTESIAN_POINT('',(3.96846474168547,-4.92726954761159,12.1));
#3725=CARTESIAN_POINT('',(3.96846474168547,-4.92726954761159,12.6));
#3726=CARTESIAN_POINT('',(3.96846474168547,-4.92726954761159,12.1));
#3727=CARTESIAN_POINT('Origin',(4.49412257236127,-3.99929540317444,12.6));
#3728=CARTESIAN_POINT('',(4.80580386924902,-3.449066398796,12.6));
#3729=CARTESIAN_POINT('',(4.49412257236127,-3.99929540317444,12.1));
#3730=CARTESIAN_POINT('Origin',(4.14099510972409,-4.47913122409607,12.1));
#3731=CARTESIAN_POINT('Ctrl Pts',(2.56660697757758,3.54507578885388,12.6));
#3732=CARTESIAN_POINT('Ctrl Pts',(2.56660697757758,3.54507578885388,12.1));
#3733=CARTESIAN_POINT('Ctrl Pts',(2.56550233811417,3.53692984545014,12.6));
#3734=CARTESIAN_POINT('Ctrl Pts',(2.56550233811417,3.53692984545014,12.1));
#3735=CARTESIAN_POINT('Ctrl Pts',(2.5630183367567,3.51861207287101,12.6));
#3736=CARTESIAN_POINT('Ctrl Pts',(2.5630183367567,3.51861207287101,12.1));
#3737=CARTESIAN_POINT('Ctrl Pts',(2.55288510571865,3.50307275786499,12.6));
#3738=CARTESIAN_POINT('Ctrl Pts',(2.55288510571865,3.50307275786499,12.1));
#3739=CARTESIAN_POINT('Ctrl Pts',(2.54725813908456,3.49444380163895,12.6));
#3740=CARTESIAN_POINT('Ctrl Pts',(2.54725813908456,3.49444380163895,12.1));
#3741=CARTESIAN_POINT('',(2.56660697757758,3.54507578885388,12.6));
#3742=CARTESIAN_POINT('',(2.54725813908456,3.49444380163895,12.6));
#3743=CARTESIAN_POINT('Ctrl Pts',(2.56660697757758,3.54507578885388,12.6));
#3744=CARTESIAN_POINT('Ctrl Pts',(2.56550233811417,3.53692984545014,12.6));
#3745=CARTESIAN_POINT('Ctrl Pts',(2.5630183367567,3.51861207287101,12.6));
#3746=CARTESIAN_POINT('Ctrl Pts',(2.55288510571865,3.50307275786499,12.6));
#3747=CARTESIAN_POINT('Ctrl Pts',(2.54725813908456,3.49444380163895,12.6));
#3748=CARTESIAN_POINT('',(2.56660697757758,3.54507578885388,12.1));
#3749=CARTESIAN_POINT('',(2.56660697757758,3.54507578885388,12.6));
#3750=CARTESIAN_POINT('',(2.54725813908456,3.49444380163895,12.1));
#3751=CARTESIAN_POINT('Ctrl Pts',(2.56660697757758,3.54507578885388,12.1));
#3752=CARTESIAN_POINT('Ctrl Pts',(2.56550233811417,3.53692984545014,12.1));
#3753=CARTESIAN_POINT('Ctrl Pts',(2.5630183367567,3.51861207287101,12.1));
#3754=CARTESIAN_POINT('Ctrl Pts',(2.55288510571865,3.50307275786499,12.1));
#3755=CARTESIAN_POINT('Ctrl Pts',(2.54725813908456,3.49444380163895,12.1));
#3756=CARTESIAN_POINT('',(2.54725813908456,3.49444380163895,12.6));
#3757=CARTESIAN_POINT('Ctrl Pts',(2.48944092222541,3.62119780796532,12.6));
#3758=CARTESIAN_POINT('Ctrl Pts',(2.48944092222541,3.62119780796532,12.1));
#3759=CARTESIAN_POINT('Ctrl Pts',(2.51192959476294,3.61810427611035,12.6));
#3760=CARTESIAN_POINT('Ctrl Pts',(2.51192959476294,3.61810427611035,12.1));
#3761=CARTESIAN_POINT('Ctrl Pts',(2.55669671592394,3.61194613070909,12.6));
#3762=CARTESIAN_POINT('Ctrl Pts',(2.55669671592394,3.61194613070909,12.1));
#3763=CARTESIAN_POINT('Ctrl Pts',(2.56331391502616,3.5672960113122,12.6));
#3764=CARTESIAN_POINT('Ctrl Pts',(2.56331391502616,3.5672960113122,12.1));
#3765=CARTESIAN_POINT('Ctrl Pts',(2.56660697757758,3.54507578885388,12.6));
#3766=CARTESIAN_POINT('Ctrl Pts',(2.56660697757758,3.54507578885388,12.1));
#3767=CARTESIAN_POINT('',(2.48944092222541,3.62119780796532,12.6));
#3768=CARTESIAN_POINT('Ctrl Pts',(2.48944092222541,3.62119780796532,12.6));
#3769=CARTESIAN_POINT('Ctrl Pts',(2.51192959476294,3.61810427611035,12.6));
#3770=CARTESIAN_POINT('Ctrl Pts',(2.55669671592394,3.61194613070909,12.6));
#3771=CARTESIAN_POINT('Ctrl Pts',(2.56331391502616,3.5672960113122,12.6));
#3772=CARTESIAN_POINT('Ctrl Pts',(2.56660697757758,3.54507578885388,12.6));
#3773=CARTESIAN_POINT('',(2.48944092222541,3.62119780796532,12.1));
#3774=CARTESIAN_POINT('',(2.48944092222541,3.62119780796532,12.6));
#3775=CARTESIAN_POINT('Ctrl Pts',(2.48944092222541,3.62119780796532,12.1));
#3776=CARTESIAN_POINT('Ctrl Pts',(2.51192959476294,3.61810427611035,12.1));
#3777=CARTESIAN_POINT('Ctrl Pts',(2.55669671592394,3.61194613070909,12.1));
#3778=CARTESIAN_POINT('Ctrl Pts',(2.56331391502616,3.5672960113122,12.1));
#3779=CARTESIAN_POINT('Ctrl Pts',(2.56660697757758,3.54507578885388,12.1));
#3780=CARTESIAN_POINT('Ctrl Pts',(2.42577339120131,3.58741870257228,12.6));
#3781=CARTESIAN_POINT('Ctrl Pts',(2.42577339120131,3.58741870257228,12.1));
#3782=CARTESIAN_POINT('Ctrl Pts',(2.43400914657238,3.59726097978589,12.6));
#3783=CARTESIAN_POINT('Ctrl Pts',(2.43400914657238,3.59726097978589,12.1));
#3784=CARTESIAN_POINT('Ctrl Pts',(2.45063569474112,3.61713081428304,12.6));
#3785=CARTESIAN_POINT('Ctrl Pts',(2.45063569474112,3.61713081428304,12.1));
#3786=CARTESIAN_POINT('Ctrl Pts',(2.47642568516548,3.61983374208225,12.6));
#3787=CARTESIAN_POINT('Ctrl Pts',(2.47642568516548,3.61983374208225,12.1));
#3788=CARTESIAN_POINT('Ctrl Pts',(2.48944092222541,3.62119780796532,12.6));
#3789=CARTESIAN_POINT('Ctrl Pts',(2.48944092222541,3.62119780796532,12.1));
#3790=CARTESIAN_POINT('',(2.42577339120131,3.58741870257228,12.6));
#3791=CARTESIAN_POINT('Ctrl Pts',(2.42577339120131,3.58741870257228,12.6));
#3792=CARTESIAN_POINT('Ctrl Pts',(2.43400914657238,3.59726097978589,12.6));
#3793=CARTESIAN_POINT('Ctrl Pts',(2.45063569474112,3.61713081428304,12.6));
#3794=CARTESIAN_POINT('Ctrl Pts',(2.47642568516548,3.61983374208225,12.6));
#3795=CARTESIAN_POINT('Ctrl Pts',(2.48944092222541,3.62119780796532,12.6));
#3796=CARTESIAN_POINT('',(2.42577339120131,3.58741870257228,12.1));
#3797=CARTESIAN_POINT('',(2.42577339120131,3.58741870257228,12.6));
#3798=CARTESIAN_POINT('Ctrl Pts',(2.42577339120131,3.58741870257228,12.1));
#3799=CARTESIAN_POINT('Ctrl Pts',(2.43400914657238,3.59726097978589,12.1));
#3800=CARTESIAN_POINT('Ctrl Pts',(2.45063569474112,3.61713081428304,12.1));
#3801=CARTESIAN_POINT('Ctrl Pts',(2.47642568516548,3.61983374208225,12.1));
#3802=CARTESIAN_POINT('Ctrl Pts',(2.48944092222541,3.62119780796532,12.1));
#3803=CARTESIAN_POINT('Origin',(2.14085030569149,3.14468379133591,12.6));
#3804=CARTESIAN_POINT('',(2.14085030569149,3.14468379133591,12.6));
#3805=CARTESIAN_POINT('',(1.11182136839406,1.5457012645293,12.6));
#3806=CARTESIAN_POINT('',(2.14085030569149,3.14468379133591,12.1));
#3807=CARTESIAN_POINT('',(2.14085030569149,3.14468379133591,12.6));
#3808=CARTESIAN_POINT('',(2.14085030569149,3.14468379133591,12.1));
#3809=CARTESIAN_POINT('Origin',(1.85509329453074,3.58688091576843,12.6));
#3810=CARTESIAN_POINT('',(1.85509329453074,3.58688091576843,12.6));
#3811=CARTESIAN_POINT('',(2.39940275661045,2.74458459570486,12.6));
#3812=CARTESIAN_POINT('',(1.85509329453074,3.58688091576843,12.1));
#3813=CARTESIAN_POINT('',(1.85509329453074,3.58688091576843,12.6));
#3814=CARTESIAN_POINT('',(1.85509329453074,3.58688091576843,12.1));
#3815=CARTESIAN_POINT('Ctrl Pts',(1.79091242105205,3.62053954178041,12.6));
#3816=CARTESIAN_POINT('Ctrl Pts',(1.79091242105205,3.62053954178041,12.1));
#3817=CARTESIAN_POINT('Ctrl Pts',(1.80405174305704,3.61921982351525,12.6));
#3818=CARTESIAN_POINT('Ctrl Pts',(1.80405174305704,3.61921982351525,12.1));
#3819=CARTESIAN_POINT('Ctrl Pts',(1.8300002538145,3.6166135456885,12.6));
#3820=CARTESIAN_POINT('Ctrl Pts',(1.8300002538145,3.6166135456885,12.1));
#3821=CARTESIAN_POINT('Ctrl Pts',(1.84680019408949,3.59670737279682,12.6));
#3822=CARTESIAN_POINT('Ctrl Pts',(1.84680019408949,3.59670737279682,12.1));
#3823=CARTESIAN_POINT('Ctrl Pts',(1.85509329453074,3.58688091576843,12.6));
#3824=CARTESIAN_POINT('Ctrl Pts',(1.85509329453074,3.58688091576843,12.1));
#3825=CARTESIAN_POINT('',(1.79091242105205,3.62053954178041,12.6));
#3826=CARTESIAN_POINT('Ctrl Pts',(1.79091242105205,3.62053954178041,12.6));
#3827=CARTESIAN_POINT('Ctrl Pts',(1.80405174305704,3.61921982351525,12.6));
#3828=CARTESIAN_POINT('Ctrl Pts',(1.8300002538145,3.6166135456885,12.6));
#3829=CARTESIAN_POINT('Ctrl Pts',(1.84680019408949,3.59670737279682,12.6));
#3830=CARTESIAN_POINT('Ctrl Pts',(1.85509329453074,3.58688091576843,12.6));
#3831=CARTESIAN_POINT('',(1.79091242105205,3.62053954178041,12.1));
#3832=CARTESIAN_POINT('',(1.79091242105205,3.62053954178041,12.6));
#3833=CARTESIAN_POINT('Ctrl Pts',(1.79091242105205,3.62053954178041,12.1));
#3834=CARTESIAN_POINT('Ctrl Pts',(1.80405174305704,3.61921982351525,12.1));
#3835=CARTESIAN_POINT('Ctrl Pts',(1.8300002538145,3.6166135456885,12.1));
#3836=CARTESIAN_POINT('Ctrl Pts',(1.84680019408949,3.59670737279682,12.1));
#3837=CARTESIAN_POINT('Ctrl Pts',(1.85509329453074,3.58688091576843,12.1));
#3838=CARTESIAN_POINT('Ctrl Pts',(1.71477547261766,3.54427305586014,12.6));
#3839=CARTESIAN_POINT('Ctrl Pts',(1.71477547261766,3.54427305586014,12.1));
#3840=CARTESIAN_POINT('Ctrl Pts',(1.71793082666912,3.56649949438686,12.6));
#3841=CARTESIAN_POINT('Ctrl Pts',(1.71793082666912,3.56649949438686,12.1));
#3842=CARTESIAN_POINT('Ctrl Pts',(1.72424200251226,3.61095566622083,12.6));
#3843=CARTESIAN_POINT('Ctrl Pts',(1.72424200251226,3.61095566622083,12.1));
#3844=CARTESIAN_POINT('Ctrl Pts',(1.76868785020033,3.6173447587556,12.6));
#3845=CARTESIAN_POINT('Ctrl Pts',(1.76868785020033,3.6173447587556,12.1));
#3846=CARTESIAN_POINT('Ctrl Pts',(1.79091242105205,3.62053954178041,12.6));
#3847=CARTESIAN_POINT('Ctrl Pts',(1.79091242105205,3.62053954178041,12.1));
#3848=CARTESIAN_POINT('',(1.71477547261766,3.54427305586014,12.6));
#3849=CARTESIAN_POINT('Ctrl Pts',(1.71477547261766,3.54427305586014,12.6));
#3850=CARTESIAN_POINT('Ctrl Pts',(1.71793082666912,3.56649949438686,12.6));
#3851=CARTESIAN_POINT('Ctrl Pts',(1.72424200251226,3.61095566622083,12.6));
#3852=CARTESIAN_POINT('Ctrl Pts',(1.76868785020033,3.6173447587556,12.6));
#3853=CARTESIAN_POINT('Ctrl Pts',(1.79091242105205,3.62053954178041,12.6));
#3854=CARTESIAN_POINT('',(1.71477547261766,3.54427305586014,12.1));
#3855=CARTESIAN_POINT('',(1.71477547261766,3.54427305586014,12.6));
#3856=CARTESIAN_POINT('Ctrl Pts',(1.71477547261766,3.54427305586014,12.1));
#3857=CARTESIAN_POINT('Ctrl Pts',(1.71793082666912,3.56649949438686,12.1));
#3858=CARTESIAN_POINT('Ctrl Pts',(1.72424200251226,3.61095566622083,12.1));
#3859=CARTESIAN_POINT('Ctrl Pts',(1.76868785020033,3.6173447587556,12.1));
#3860=CARTESIAN_POINT('Ctrl Pts',(1.79091242105205,3.62053954178041,12.1));
#3861=CARTESIAN_POINT('Ctrl Pts',(1.73364343900487,3.49367708268087,12.6));
#3862=CARTESIAN_POINT('Ctrl Pts',(1.73364343900487,3.49367708268087,12.1));
#3863=CARTESIAN_POINT('Ctrl Pts',(1.72816224600309,3.50219647673864,12.6));
#3864=CARTESIAN_POINT('Ctrl Pts',(1.72816224600309,3.50219647673864,12.1));
#3865=CARTESIAN_POINT('Ctrl Pts',(1.71816245109064,3.51773911377556,12.6));
#3866=CARTESIAN_POINT('Ctrl Pts',(1.71816245109064,3.51773911377556,12.1));
#3867=CARTESIAN_POINT('Ctrl Pts',(1.71582961155503,3.5360148216445,12.6));
#3868=CARTESIAN_POINT('Ctrl Pts',(1.71582961155503,3.5360148216445,12.1));
#3869=CARTESIAN_POINT('Ctrl Pts',(1.71477547261766,3.54427305586014,12.6));
#3870=CARTESIAN_POINT('Ctrl Pts',(1.71477547261766,3.54427305586014,12.1));
#3871=CARTESIAN_POINT('',(1.73364343900487,3.49367708268087,12.6));
#3872=CARTESIAN_POINT('Ctrl Pts',(1.73364343900487,3.49367708268087,12.6));
#3873=CARTESIAN_POINT('Ctrl Pts',(1.72816224600309,3.50219647673864,12.6));
#3874=CARTESIAN_POINT('Ctrl Pts',(1.71816245109064,3.51773911377556,12.6));
#3875=CARTESIAN_POINT('Ctrl Pts',(1.71582961155503,3.5360148216445,12.6));
#3876=CARTESIAN_POINT('Ctrl Pts',(1.71477547261766,3.54427305586014,12.6));
#3877=CARTESIAN_POINT('',(1.73364343900487,3.49367708268087,12.1));
#3878=CARTESIAN_POINT('',(1.73364343900487,3.49367708268087,12.6));
#3879=CARTESIAN_POINT('Ctrl Pts',(1.73364343900487,3.49367708268087,12.1));
#3880=CARTESIAN_POINT('Ctrl Pts',(1.72816224600309,3.50219647673864,12.1));
#3881=CARTESIAN_POINT('Ctrl Pts',(1.71816245109064,3.51773911377556,12.1));
#3882=CARTESIAN_POINT('Ctrl Pts',(1.71582961155503,3.5360148216445,12.1));
#3883=CARTESIAN_POINT('Ctrl Pts',(1.71477547261766,3.54427305586014,12.1));
#3884=CARTESIAN_POINT('Origin',(2.05219281737191,3.0206448795253,12.6));
#3885=CARTESIAN_POINT('',(2.05219281737191,3.0206448795253,12.6));
#3886=CARTESIAN_POINT('',(2.4317967571435,2.4569492638654,12.6));
#3887=CARTESIAN_POINT('',(2.05219281737191,3.0206448795253,12.1));
#3888=CARTESIAN_POINT('',(2.05219281737191,3.0206448795253,12.6));
#3889=CARTESIAN_POINT('',(2.05219281737191,3.0206448795253,12.1));
#3890=CARTESIAN_POINT('Origin',(1.7346617841669,2.54729451838642,12.6));
#3891=CARTESIAN_POINT('',(1.7346617841669,2.54729451838642,12.6));
#3892=CARTESIAN_POINT('',(0.876260466881286,1.26765715684108,12.6));
#3893=CARTESIAN_POINT('',(1.7346617841669,2.54729451838642,12.1));
#3894=CARTESIAN_POINT('',(1.7346617841669,2.54729451838642,12.6));
#3895=CARTESIAN_POINT('',(1.7346617841669,2.54729451838642,12.1));
#3896=CARTESIAN_POINT('Ctrl Pts',(1.71576269977191,2.49666295500232,12.6));
#3897=CARTESIAN_POINT('Ctrl Pts',(1.71576269977191,2.49666295500232,12.1));
#3898=CARTESIAN_POINT('Ctrl Pts',(1.71682109808737,2.50487385579362,12.6));
#3899=CARTESIAN_POINT('Ctrl Pts',(1.71682109808737,2.50487385579362,12.1));
#3900=CARTESIAN_POINT('Ctrl Pts',(1.71917754784323,2.52315485159876,12.6));
#3901=CARTESIAN_POINT('Ctrl Pts',(1.71917754784323,2.52315485159876,12.1));
#3902=CARTESIAN_POINT('Ctrl Pts',(1.72916189945376,2.53872028963077,12.6));
#3903=CARTESIAN_POINT('Ctrl Pts',(1.72916189945376,2.53872028963077,12.1));
#3904=CARTESIAN_POINT('Ctrl Pts',(1.7346617841669,2.54729451838642,12.6));
#3905=CARTESIAN_POINT('Ctrl Pts',(1.7346617841669,2.54729451838642,12.1));
#3906=CARTESIAN_POINT('',(1.71576269977191,2.49666295500232,12.6));
#3907=CARTESIAN_POINT('Ctrl Pts',(1.71576269977191,2.49666295500232,12.6));
#3908=CARTESIAN_POINT('Ctrl Pts',(1.71682109808737,2.50487385579362,12.6));
#3909=CARTESIAN_POINT('Ctrl Pts',(1.71917754784323,2.52315485159876,12.6));
#3910=CARTESIAN_POINT('Ctrl Pts',(1.72916189945376,2.53872028963077,12.6));
#3911=CARTESIAN_POINT('Ctrl Pts',(1.7346617841669,2.54729451838642,12.6));
#3912=CARTESIAN_POINT('',(1.71576269977191,2.49666295500232,12.1));
#3913=CARTESIAN_POINT('',(1.71576269977191,2.49666295500232,12.6));
#3914=CARTESIAN_POINT('Ctrl Pts',(1.71576269977191,2.49666295500232,12.1));
#3915=CARTESIAN_POINT('Ctrl Pts',(1.71682109808737,2.50487385579362,12.1));
#3916=CARTESIAN_POINT('Ctrl Pts',(1.71917754784323,2.52315485159876,12.1));
#3917=CARTESIAN_POINT('Ctrl Pts',(1.72916189945376,2.53872028963077,12.1));
#3918=CARTESIAN_POINT('Ctrl Pts',(1.7346617841669,2.54729451838642,12.1));
#3919=CARTESIAN_POINT('Ctrl Pts',(1.79204325401331,2.42054010142895,12.6));
#3920=CARTESIAN_POINT('Ctrl Pts',(1.79204325401331,2.42054010142895,12.1));
#3921=CARTESIAN_POINT('Ctrl Pts',(1.76981271995764,2.42369302397329,12.6));
#3922=CARTESIAN_POINT('Ctrl Pts',(1.76981271995764,2.42369302397329,12.1));
#3923=CARTESIAN_POINT('Ctrl Pts',(1.72535496413062,2.42999839928575,12.6));
#3924=CARTESIAN_POINT('Ctrl Pts',(1.72535496413062,2.42999839928575,12.1));
#3925=CARTESIAN_POINT('Ctrl Pts',(1.7189599624069,2.47444254018678,12.6));
#3926=CARTESIAN_POINT('Ctrl Pts',(1.7189599624069,2.47444254018678,12.1));
#3927=CARTESIAN_POINT('Ctrl Pts',(1.71576269977191,2.49666295500232,12.6));
#3928=CARTESIAN_POINT('Ctrl Pts',(1.71576269977191,2.49666295500232,12.1));
#3929=CARTESIAN_POINT('',(1.79204325401331,2.42054010142895,12.6));
#3930=CARTESIAN_POINT('Ctrl Pts',(1.79204325401331,2.42054010142895,12.6));
#3931=CARTESIAN_POINT('Ctrl Pts',(1.76981271995764,2.42369302397329,12.6));
#3932=CARTESIAN_POINT('Ctrl Pts',(1.72535496413062,2.42999839928575,12.6));
#3933=CARTESIAN_POINT('Ctrl Pts',(1.7189599624069,2.47444254018678,12.6));
#3934=CARTESIAN_POINT('Ctrl Pts',(1.71576269977191,2.49666295500232,12.6));
#3935=CARTESIAN_POINT('',(1.79204325401331,2.42054010142895,12.1));
#3936=CARTESIAN_POINT('',(1.79204325401331,2.42054010142895,12.6));
#3937=CARTESIAN_POINT('Ctrl Pts',(1.79204325401331,2.42054010142895,12.1));
#3938=CARTESIAN_POINT('Ctrl Pts',(1.76981271995764,2.42369302397329,12.1));
#3939=CARTESIAN_POINT('Ctrl Pts',(1.72535496413062,2.42999839928575,12.1));
#3940=CARTESIAN_POINT('Ctrl Pts',(1.7189599624069,2.47444254018678,12.1));
#3941=CARTESIAN_POINT('Ctrl Pts',(1.71576269977191,2.49666295500232,12.1));
#3942=CARTESIAN_POINT('Ctrl Pts',(1.85616084136598,2.45403844590106,12.6));
#3943=CARTESIAN_POINT('Ctrl Pts',(1.85616084136598,2.45403844590106,12.1));
#3944=CARTESIAN_POINT('Ctrl Pts',(1.84790595229864,2.44427872588396,12.6));
#3945=CARTESIAN_POINT('Ctrl Pts',(1.84790595229864,2.44427872588396,12.1));
#3946=CARTESIAN_POINT('Ctrl Pts',(1.83111856154282,2.42443106563583,12.6));
#3947=CARTESIAN_POINT('Ctrl Pts',(1.83111856154282,2.42443106563583,12.1));
#3948=CARTESIAN_POINT('Ctrl Pts',(1.80521116648398,2.42185130994763,12.6));
#3949=CARTESIAN_POINT('Ctrl Pts',(1.80521116648398,2.42185130994763,12.1));
#3950=CARTESIAN_POINT('Ctrl Pts',(1.79204325401331,2.42054010142895,12.6));
#3951=CARTESIAN_POINT('Ctrl Pts',(1.79204325401331,2.42054010142895,12.1));
#3952=CARTESIAN_POINT('',(1.85616084136598,2.45403844590106,12.6));
#3953=CARTESIAN_POINT('Ctrl Pts',(1.85616084136598,2.45403844590106,12.6));
#3954=CARTESIAN_POINT('Ctrl Pts',(1.84790595229864,2.44427872588396,12.6));
#3955=CARTESIAN_POINT('Ctrl Pts',(1.83111856154282,2.42443106563583,12.6));
#3956=CARTESIAN_POINT('Ctrl Pts',(1.80521116648398,2.42185130994763,12.6));
#3957=CARTESIAN_POINT('Ctrl Pts',(1.79204325401331,2.42054010142895,12.6));
#3958=CARTESIAN_POINT('',(1.85616084136598,2.45403844590106,12.1));
#3959=CARTESIAN_POINT('',(1.85616084136598,2.45403844590106,12.6));
#3960=CARTESIAN_POINT('Ctrl Pts',(1.85616084136598,2.45403844590106,12.1));
#3961=CARTESIAN_POINT('Ctrl Pts',(1.84790595229864,2.44427872588396,12.1));
#3962=CARTESIAN_POINT('Ctrl Pts',(1.83111856154282,2.42443106563583,12.1));
#3963=CARTESIAN_POINT('Ctrl Pts',(1.80521116648398,2.42185130994763,12.1));
#3964=CARTESIAN_POINT('Ctrl Pts',(1.79204325401331,2.42054010142895,12.1));
#3965=CARTESIAN_POINT('Origin',(2.14108282743623,2.89794004303506,12.6));
#3966=CARTESIAN_POINT('',(2.14108282743623,2.89794004303506,12.6));
#3967=CARTESIAN_POINT('',(1.17005242206304,1.38509804106838,12.6));
#3968=CARTESIAN_POINT('',(2.14108282743623,2.89794004303506,12.1));
#3969=CARTESIAN_POINT('',(2.14108282743623,2.89794004303506,12.6));
#3970=CARTESIAN_POINT('',(2.14108282743623,2.89794004303506,12.1));
#3971=CARTESIAN_POINT('Origin',(2.42684093803655,2.45457623270491,12.6));
#3972=CARTESIAN_POINT('',(2.42684093803655,2.45457623270491,12.6));
#3973=CARTESIAN_POINT('',(2.62957276207048,2.14003064101534,12.6));
#3974=CARTESIAN_POINT('',(2.42684093803655,2.45457623270491,12.1));
#3975=CARTESIAN_POINT('',(2.42684093803655,2.45457623270491,12.6));
#3976=CARTESIAN_POINT('',(2.42684093803655,2.45457623270491,12.1));
#3977=CARTESIAN_POINT('Ctrl Pts',(2.49057175518667,2.42119836761387,12.6));
#3978=CARTESIAN_POINT('Ctrl Pts',(2.49057175518667,2.42119836761387,12.1));
#3979=CARTESIAN_POINT('Ctrl Pts',(2.47752283195164,2.42250456735839,12.6));
#3980=CARTESIAN_POINT('Ctrl Pts',(2.47752283195164,2.42250456735839,12.1));
#3981=CARTESIAN_POINT('Ctrl Pts',(2.45176388548411,2.4250830428915,12.6));
#3982=CARTESIAN_POINT('Ctrl Pts',(2.45176388548411,2.4250830428915,12.1));
#3983=CARTESIAN_POINT('Ctrl Pts',(2.43507539930626,2.44483177813147,12.6));
#3984=CARTESIAN_POINT('Ctrl Pts',(2.43507539930626,2.44483177813147,12.1));
#3985=CARTESIAN_POINT('Ctrl Pts',(2.42684093803655,2.45457623270491,12.6));
#3986=CARTESIAN_POINT('Ctrl Pts',(2.42684093803655,2.45457623270491,12.1));
#3987=CARTESIAN_POINT('',(2.49057175518667,2.42119836761387,12.6));
#3988=CARTESIAN_POINT('Ctrl Pts',(2.49057175518667,2.42119836761387,12.6));
#3989=CARTESIAN_POINT('Ctrl Pts',(2.47752283195164,2.42250456735839,12.6));
#3990=CARTESIAN_POINT('Ctrl Pts',(2.45176388548411,2.4250830428915,12.6));
#3991=CARTESIAN_POINT('Ctrl Pts',(2.43507539930626,2.44483177813147,12.6));
#3992=CARTESIAN_POINT('Ctrl Pts',(2.42684093803655,2.45457623270491,12.6));
#3993=CARTESIAN_POINT('',(2.49057175518667,2.42119836761387,12.1));
#3994=CARTESIAN_POINT('',(2.49057175518667,2.42119836761387,12.6));
#3995=CARTESIAN_POINT('Ctrl Pts',(2.49057175518667,2.42119836761387,12.1));
#3996=CARTESIAN_POINT('Ctrl Pts',(2.47752283195164,2.42250456735839,12.1));
#3997=CARTESIAN_POINT('Ctrl Pts',(2.45176388548411,2.4250830428915,12.1));
#3998=CARTESIAN_POINT('Ctrl Pts',(2.43507539930626,2.44483177813147,12.1));
#3999=CARTESIAN_POINT('Ctrl Pts',(2.42684093803655,2.45457623270491,12.1));
#4000=CARTESIAN_POINT('Ctrl Pts',(2.56759420473182,2.49746568799607,12.6));
#4001=CARTESIAN_POINT('Ctrl Pts',(2.56759420473182,2.49746568799607,12.1));
#4002=CARTESIAN_POINT('Ctrl Pts',(2.56434296252355,2.47523933552925,12.6));
#4003=CARTESIAN_POINT('Ctrl Pts',(2.56434296252355,2.47523933552925,12.1));
#4004=CARTESIAN_POINT('Ctrl Pts',(2.55780980385543,2.4305769332911,12.6));
#4005=CARTESIAN_POINT('Ctrl Pts',(2.55780980385543,2.4305769332911,12.1));
#4006=CARTESIAN_POINT('Ctrl Pts',(2.5130544826011,2.42433432619438,12.6));
#4007=CARTESIAN_POINT('Ctrl Pts',(2.5130544826011,2.42433432619438,12.1));
#4008=CARTESIAN_POINT('Ctrl Pts',(2.49057175518667,2.42119836761387,12.6));
#4009=CARTESIAN_POINT('Ctrl Pts',(2.49057175518667,2.42119836761387,12.1));
#4010=CARTESIAN_POINT('',(2.56759420473182,2.49746568799607,12.6));
#4011=CARTESIAN_POINT('Ctrl Pts',(2.56759420473182,2.49746568799607,12.6));
#4012=CARTESIAN_POINT('Ctrl Pts',(2.56434296252355,2.47523933552925,12.6));
#4013=CARTESIAN_POINT('Ctrl Pts',(2.55780980385543,2.4305769332911,12.6));
#4014=CARTESIAN_POINT('Ctrl Pts',(2.5130544826011,2.42433432619438,12.6));
#4015=CARTESIAN_POINT('Ctrl Pts',(2.49057175518667,2.42119836761387,12.6));
#4016=CARTESIAN_POINT('',(2.56759420473182,2.49746568799607,12.1));
#4017=CARTESIAN_POINT('',(2.56759420473182,2.49746568799607,12.6));
#4018=CARTESIAN_POINT('Ctrl Pts',(2.56759420473182,2.49746568799607,12.1));
#4019=CARTESIAN_POINT('Ctrl Pts',(2.56434296252355,2.47523933552925,12.1));
#4020=CARTESIAN_POINT('Ctrl Pts',(2.55780980385543,2.4305769332911,12.1));
#4021=CARTESIAN_POINT('Ctrl Pts',(2.5130544826011,2.42433432619438,12.1));
#4022=CARTESIAN_POINT('Ctrl Pts',(2.49057175518667,2.42119836761387,12.1));
#4023=CARTESIAN_POINT('Ctrl Pts',(2.54829049133188,2.54806125054424,12.6));
#4024=CARTESIAN_POINT('Ctrl Pts',(2.54829049133188,2.54806125054424,12.1));
#4025=CARTESIAN_POINT('Ctrl Pts',(2.55389116601296,2.53939086227968,12.6));
#4026=CARTESIAN_POINT('Ctrl Pts',(2.55389116601296,2.53939086227968,12.1));
#4027=CARTESIAN_POINT('Ctrl Pts',(2.56393965587539,2.52383482420552,12.6));
#4028=CARTESIAN_POINT('Ctrl Pts',(2.56393965587539,2.52383482420552,12.1));
#4029=CARTESIAN_POINT('Ctrl Pts',(2.56647290121099,2.50555637344986,12.6));
#4030=CARTESIAN_POINT('Ctrl Pts',(2.56647290121099,2.50555637344986,12.1));
#4031=CARTESIAN_POINT('Ctrl Pts',(2.56759420473182,2.49746568799607,12.6));
#4032=CARTESIAN_POINT('Ctrl Pts',(2.56759420473182,2.49746568799607,12.1));
#4033=CARTESIAN_POINT('',(2.54829049133188,2.54806125054424,12.6));
#4034=CARTESIAN_POINT('Ctrl Pts',(2.54829049133188,2.54806125054424,12.6));
#4035=CARTESIAN_POINT('Ctrl Pts',(2.55389116601296,2.53939086227968,12.6));
#4036=CARTESIAN_POINT('Ctrl Pts',(2.56393965587539,2.52383482420552,12.6));
#4037=CARTESIAN_POINT('Ctrl Pts',(2.56647290121099,2.50555637344986,12.6));
#4038=CARTESIAN_POINT('Ctrl Pts',(2.56759420473182,2.49746568799607,12.6));
#4039=CARTESIAN_POINT('',(2.54829049133188,2.54806125054424,12.1));
#4040=CARTESIAN_POINT('',(2.54829049133188,2.54806125054424,12.6));
#4041=CARTESIAN_POINT('Ctrl Pts',(2.54829049133188,2.54806125054424,12.1));
#4042=CARTESIAN_POINT('Ctrl Pts',(2.55389116601296,2.53939086227968,12.1));
#4043=CARTESIAN_POINT('Ctrl Pts',(2.56393965587539,2.52383482420552,12.1));
#4044=CARTESIAN_POINT('Ctrl Pts',(2.56647290121099,2.50555637344986,12.1));
#4045=CARTESIAN_POINT('Ctrl Pts',(2.56759420473182,2.49746568799607,12.1));
#4046=CARTESIAN_POINT('Origin',(2.23019128112228,3.02081261837841,12.6));
#4047=CARTESIAN_POINT('',(2.23019128112228,3.02081261837841,12.6));
#4048=CARTESIAN_POINT('',(2.58224263431799,2.49760239518585,12.6));
#4049=CARTESIAN_POINT('',(2.23019128112228,3.02081261837841,12.1));
#4050=CARTESIAN_POINT('',(2.23019128112228,3.02081261837841,12.6));
#4051=CARTESIAN_POINT('',(2.23019128112228,3.02081261837841,12.1));
#4052=CARTESIAN_POINT('Origin',(2.54725813908456,3.49444380163895,12.6));
#4053=CARTESIAN_POINT('',(1.34542547551683,1.69915863627971,12.6));
#4054=CARTESIAN_POINT('',(2.54725813908456,3.49444380163895,12.1));
#4055=CARTESIAN_POINT('Origin',(2.14118483867474,3.02086895469714,12.1));
#4056=CARTESIAN_POINT('Origin',(0.,0.,12.6));
#4057=CARTESIAN_POINT('',(-15.,11.5,12.6));
#4058=CARTESIAN_POINT('',(-13.5,13.,12.6));
#4059=CARTESIAN_POINT('',(-13.75,12.75,12.6));
#4060=CARTESIAN_POINT('',(-15.,-11.5,12.6));
#4061=CARTESIAN_POINT('',(-15.,13.,12.6));
#4062=CARTESIAN_POINT('',(-13.5,-13.,12.6));
#4063=CARTESIAN_POINT('',(-13.75,-12.75,12.6));
#4064=CARTESIAN_POINT('',(13.5,-13.,12.6));
#4065=CARTESIAN_POINT('',(-15.,-13.,12.6));
#4066=CARTESIAN_POINT('',(15.,-11.5,12.6));
#4067=CARTESIAN_POINT('',(13.75,-12.75,12.6));
#4068=CARTESIAN_POINT('',(15.,11.5,12.6));
#4069=CARTESIAN_POINT('',(15.,-13.,12.6));
#4070=CARTESIAN_POINT('',(13.5,13.,12.6));
#4071=CARTESIAN_POINT('',(13.75,12.75,12.6));
#4072=CARTESIAN_POINT('',(15.,13.,12.6));
#4073=CARTESIAN_POINT('',(-11.3,-10.8,12.6));
#4074=CARTESIAN_POINT('Origin',(-12.8,-10.8,12.6));
#4075=CARTESIAN_POINT('',(-11.3,10.8,12.6));
#4076=CARTESIAN_POINT('Origin',(-12.8,10.8,12.6));
#4077=CARTESIAN_POINT('',(14.3,-10.8,12.6));
#4078=CARTESIAN_POINT('Origin',(12.8,-10.8,12.6));
#4079=CARTESIAN_POINT('',(14.3,10.8,12.6));
#4080=CARTESIAN_POINT('Origin',(12.8,10.8,12.6));
#4081=CARTESIAN_POINT('Origin',(3.57387060420134,-14.75,3.1));
#4082=CARTESIAN_POINT('',(1.57387060420133,-20.,3.1));
#4083=CARTESIAN_POINT('',(3.57387060420134,-20.,5.1));
#4084=CARTESIAN_POINT('Origin',(3.57387060420134,-20.,3.1));
#4085=CARTESIAN_POINT('',(3.57387060420133,-13.,5.1));
#4086=CARTESIAN_POINT('',(3.57387060420134,-14.75,5.1));
#4087=CARTESIAN_POINT('',(1.57387060420134,-13.,3.1));
#4088=CARTESIAN_POINT('Origin',(3.57387060420134,-13.,3.1));
#4089=CARTESIAN_POINT('',(1.57387060420134,-14.75,3.1));
#4090=CARTESIAN_POINT('Origin',(1.57387060420134,-13.,1.6));
#4091=CARTESIAN_POINT('',(1.57387060420133,-13.,1.6));
#4092=CARTESIAN_POINT('',(1.57387060420134,-13.,0.800000000000001));
#4093=CARTESIAN_POINT('',(1.57387060420133,-20.,1.6));
#4094=CARTESIAN_POINT('',(1.57387060420134,-6.5,1.6));
#4095=CARTESIAN_POINT('',(1.57387060420133,-20.,1.6));
#4096=CARTESIAN_POINT('Origin',(8.65926689315296,-18.25,3.1));
#4097=CARTESIAN_POINT('',(8.65926689315296,-20.,5.1));
#4098=CARTESIAN_POINT('',(10.659266893153,-20.,3.1));
#4099=CARTESIAN_POINT('Origin',(8.65926689315296,-20.,3.1));
#4100=CARTESIAN_POINT('',(10.659266893153,-13.,3.1));
#4101=CARTESIAN_POINT('',(10.659266893153,-18.25,3.1));
#4102=CARTESIAN_POINT('',(8.65926689315296,-13.,5.1));
#4103=CARTESIAN_POINT('Origin',(8.65926689315296,-13.,3.1));
#4104=CARTESIAN_POINT('',(8.65926689315296,-18.25,5.1));
#4105=CARTESIAN_POINT('Origin',(6.11656874867715,-16.5,5.1));
#4106=CARTESIAN_POINT('',(8.38791782091505,-20.,5.1));
#4107=CARTESIAN_POINT('',(-4.44171562566143,-13.,5.1));
#4108=CARTESIAN_POINT('Origin',(10.659266893153,-20.,1.6));
#4109=CARTESIAN_POINT('',(10.659266893153,-20.,1.6));
#4110=CARTESIAN_POINT('',(10.659266893153,-20.,1.6));
#4111=CARTESIAN_POINT('',(10.659266893153,-13.,1.6));
#4112=CARTESIAN_POINT('',(10.659266893153,-10.,1.6));
#4113=CARTESIAN_POINT('',(10.659266893153,-13.,0.800000000000001));
#4114=CARTESIAN_POINT('Origin',(-15.,-13.,0.));
#4115=CARTESIAN_POINT('',(13.5,-13.,1.6));
#4116=CARTESIAN_POINT('',(-7.5,-13.,1.6));
#4117=CARTESIAN_POINT('',(13.5,-13.,0.));
#4118=CARTESIAN_POINT('',(-13.5,-13.,1.6));
#4119=CARTESIAN_POINT('',(-13.5,-13.,0.));
#4120=CARTESIAN_POINT('',(-7.5,-13.,1.6));
#4121=CARTESIAN_POINT('Origin',(12.8,10.8,12.6));
#4122=CARTESIAN_POINT('',(14.3,10.8,12.1));
#4123=CARTESIAN_POINT('',(14.3,10.8,12.6));
#4124=CARTESIAN_POINT('Origin',(12.8,10.8,12.1));
#4125=CARTESIAN_POINT('Origin',(12.8,10.8,12.1));
#4126=CARTESIAN_POINT('Origin',(12.8,-10.8,12.6));
#4127=CARTESIAN_POINT('',(14.3,-10.8,12.1));
#4128=CARTESIAN_POINT('',(14.3,-10.8,12.6));
#4129=CARTESIAN_POINT('Origin',(12.8,-10.8,12.1));
#4130=CARTESIAN_POINT('Origin',(12.8,-10.8,12.1));
#4131=CARTESIAN_POINT('Origin',(-12.8,10.8,12.6));
#4132=CARTESIAN_POINT('',(-11.3,10.8,12.1));
#4133=CARTESIAN_POINT('',(-11.3,10.8,12.6));
#4134=CARTESIAN_POINT('Origin',(-12.8,10.8,12.1));
#4135=CARTESIAN_POINT('Origin',(-12.8,10.8,12.1));
#4136=CARTESIAN_POINT('Origin',(-12.8,-10.8,12.6));
#4137=CARTESIAN_POINT('',(-11.3,-10.8,12.1));
#4138=CARTESIAN_POINT('',(-11.3,-10.8,12.6));
#4139=CARTESIAN_POINT('Origin',(-12.8,-10.8,12.1));
#4140=CARTESIAN_POINT('Origin',(-12.8,-10.8,12.1));
#4141=CARTESIAN_POINT('Origin',(-12.4248996658222,20.,0.));
#4142=CARTESIAN_POINT('',(-13.4248996658222,20.,0.));
#4143=CARTESIAN_POINT('',(-11.4248996658222,20.,0.));
#4144=CARTESIAN_POINT('Origin',(-12.4248996658222,20.,0.));
#4145=CARTESIAN_POINT('',(-13.4248996658222,20.,1.6));
#4146=CARTESIAN_POINT('',(-13.4248996658222,20.,0.));
#4147=CARTESIAN_POINT('',(-11.4248996658222,20.,1.6));
#4148=CARTESIAN_POINT('Origin',(-12.4248996658222,20.,1.6));
#4149=CARTESIAN_POINT('',(-11.4248996658222,20.,0.));
#4150=CARTESIAN_POINT('Origin',(2.59,17.46,0.));
#4151=CARTESIAN_POINT('',(1.955,17.46,0.));
#4152=CARTESIAN_POINT('Origin',(2.59,17.46,0.));
#4153=CARTESIAN_POINT('',(1.955,17.46,1.6));
#4154=CARTESIAN_POINT('',(1.955,17.46,0.));
#4155=CARTESIAN_POINT('Origin',(2.59,17.46,1.6));
#4156=CARTESIAN_POINT('Origin',(0.0500000000000008,20.,0.));
#4157=CARTESIAN_POINT('',(-0.949999999999999,20.,0.));
#4158=CARTESIAN_POINT('',(1.05,20.,0.));
#4159=CARTESIAN_POINT('Origin',(0.0500000000000008,20.,0.));
#4160=CARTESIAN_POINT('',(-0.949999999999999,20.,1.6));
#4161=CARTESIAN_POINT('',(-0.949999999999999,20.,0.));
#4162=CARTESIAN_POINT('',(1.05,20.,1.6));
#4163=CARTESIAN_POINT('Origin',(0.0500000000000008,20.,1.6));
#4164=CARTESIAN_POINT('',(1.05,20.,0.));
#4165=CARTESIAN_POINT('Origin',(12.35,20.,0.));
#4166=CARTESIAN_POINT('',(11.35,20.,0.));
#4167=CARTESIAN_POINT('',(13.35,20.,0.));
#4168=CARTESIAN_POINT('Origin',(12.35,20.,0.));
#4169=CARTESIAN_POINT('',(11.35,20.,1.6));
#4170=CARTESIAN_POINT('',(11.35,20.,0.));
#4171=CARTESIAN_POINT('',(13.35,20.,1.6));
#4172=CARTESIAN_POINT('Origin',(12.35,20.,1.6));
#4173=CARTESIAN_POINT('',(13.35,20.,0.));
#4174=CARTESIAN_POINT('Origin',(-2.49,20.,0.));
#4175=CARTESIAN_POINT('',(-3.49,20.,0.));
#4176=CARTESIAN_POINT('',(-1.49,20.,0.));
#4177=CARTESIAN_POINT('Origin',(-2.49,20.,0.));
#4178=CARTESIAN_POINT('',(-3.49,20.,1.6));
#4179=CARTESIAN_POINT('',(-3.49,20.,0.));
#4180=CARTESIAN_POINT('',(-1.49,20.,1.6));
#4181=CARTESIAN_POINT('Origin',(-2.49,20.,1.6));
#4182=CARTESIAN_POINT('',(-1.49,20.,0.));
#4183=CARTESIAN_POINT('Origin',(0.0500000000000012,17.46,0.));
#4184=CARTESIAN_POINT('',(-0.584999999999999,17.46,0.));
#4185=CARTESIAN_POINT('Origin',(0.0500000000000012,17.46,0.));
#4186=CARTESIAN_POINT('',(-0.584999999999999,17.46,1.6));
#4187=CARTESIAN_POINT('',(-0.584999999999999,17.46,0.));
#4188=CARTESIAN_POINT('Origin',(0.0500000000000012,17.46,1.6));
#4189=CARTESIAN_POINT('Origin',(-12.4248996658222,-20.,0.));
#4190=CARTESIAN_POINT('',(-11.4248996658222,-20.,0.));
#4191=CARTESIAN_POINT('',(-13.4248996658222,-20.,0.));
#4192=CARTESIAN_POINT('Origin',(-12.4248996658222,-20.,0.));
#4193=CARTESIAN_POINT('',(-11.4248996658222,-20.,1.6));
#4194=CARTESIAN_POINT('',(-11.4248996658222,-20.,0.));
#4195=CARTESIAN_POINT('',(-13.4248996658222,-20.,1.6));
#4196=CARTESIAN_POINT('Origin',(-12.4248996658222,-20.,1.6));
#4197=CARTESIAN_POINT('',(-13.4248996658222,-20.,0.));
#4198=CARTESIAN_POINT('Origin',(-5.03,17.46,0.));
#4199=CARTESIAN_POINT('',(-5.665,17.46,0.));
#4200=CARTESIAN_POINT('Origin',(-5.03,17.46,0.));
#4201=CARTESIAN_POINT('',(-5.665,17.46,1.6));
#4202=CARTESIAN_POINT('',(-5.665,17.46,0.));
#4203=CARTESIAN_POINT('Origin',(-5.03,17.46,1.6));
#4204=CARTESIAN_POINT('Origin',(5.13,17.46,0.));
#4205=CARTESIAN_POINT('',(4.495,17.46,0.));
#4206=CARTESIAN_POINT('Origin',(5.13,17.46,0.));
#4207=CARTESIAN_POINT('',(4.495,17.46,1.6));
#4208=CARTESIAN_POINT('',(4.495,17.46,0.));
#4209=CARTESIAN_POINT('Origin',(5.13,17.46,1.6));
#4210=CARTESIAN_POINT('Origin',(2.59,20.,0.));
#4211=CARTESIAN_POINT('',(1.59,20.,0.));
#4212=CARTESIAN_POINT('',(3.59,20.,0.));
#4213=CARTESIAN_POINT('Origin',(2.59,20.,0.));
#4214=CARTESIAN_POINT('',(1.59,20.,1.6));
#4215=CARTESIAN_POINT('',(1.59,20.,0.));
#4216=CARTESIAN_POINT('',(3.59,20.,1.6));
#4217=CARTESIAN_POINT('Origin',(2.59,20.,1.6));
#4218=CARTESIAN_POINT('',(3.59,20.,0.));
#4219=CARTESIAN_POINT('Origin',(5.13,20.,0.));
#4220=CARTESIAN_POINT('',(4.13,20.,0.));
#4221=CARTESIAN_POINT('',(6.13,20.,0.));
#4222=CARTESIAN_POINT('Origin',(5.13,20.,0.));
#4223=CARTESIAN_POINT('',(4.13,20.,1.6));
#4224=CARTESIAN_POINT('',(4.13,20.,0.));
#4225=CARTESIAN_POINT('',(6.13,20.,1.6));
#4226=CARTESIAN_POINT('Origin',(5.13,20.,1.6));
#4227=CARTESIAN_POINT('',(6.13,20.,0.));
#4228=CARTESIAN_POINT('Origin',(-5.03,20.,0.));
#4229=CARTESIAN_POINT('',(-6.03,20.,0.));
#4230=CARTESIAN_POINT('',(-4.03,20.,0.));
#4231=CARTESIAN_POINT('Origin',(-5.03,20.,0.));
#4232=CARTESIAN_POINT('',(-6.03,20.,1.6));
#4233=CARTESIAN_POINT('',(-6.03,20.,0.));
#4234=CARTESIAN_POINT('',(-4.03,20.,1.6));
#4235=CARTESIAN_POINT('Origin',(-5.03,20.,1.6));
#4236=CARTESIAN_POINT('',(-4.03,20.,0.));
#4237=CARTESIAN_POINT('Origin',(-2.49,17.46,0.));
#4238=CARTESIAN_POINT('',(-3.125,17.46,0.));
#4239=CARTESIAN_POINT('Origin',(-2.49,17.46,0.));
#4240=CARTESIAN_POINT('',(-3.125,17.46,1.6));
#4241=CARTESIAN_POINT('',(-3.125,17.46,0.));
#4242=CARTESIAN_POINT('Origin',(-2.49,17.46,1.6));
#4243=CARTESIAN_POINT('Origin',(12.35,-20.,0.));
#4244=CARTESIAN_POINT('',(13.35,-20.,0.));
#4245=CARTESIAN_POINT('',(11.35,-20.,0.));
#4246=CARTESIAN_POINT('Origin',(12.35,-20.,0.));
#4247=CARTESIAN_POINT('',(13.35,-20.,1.6));
#4248=CARTESIAN_POINT('',(13.35,-20.,0.));
#4249=CARTESIAN_POINT('',(11.35,-20.,1.6));
#4250=CARTESIAN_POINT('Origin',(12.35,-20.,1.6));
#4251=CARTESIAN_POINT('',(11.35,-20.,0.));
#4252=CARTESIAN_POINT('Origin',(17.,20.,0.));
#4253=CARTESIAN_POINT('',(17.,20.,1.6));
#4254=CARTESIAN_POINT('',(17.,20.,0.));
#4255=CARTESIAN_POINT('Origin',(17.,20.,0.));
#4256=CARTESIAN_POINT('',(17.,20.,0.));
#4257=CARTESIAN_POINT('',(17.,20.,1.6));
#4258=CARTESIAN_POINT('Origin',(17.,20.,0.));
#4259=CARTESIAN_POINT('',(17.,20.,0.));
#4260=CARTESIAN_POINT('',(17.,20.,1.6));
#4261=CARTESIAN_POINT('Origin',(17.,20.,0.));
#4262=CARTESIAN_POINT('',(15.5,20.,1.6));
#4263=CARTESIAN_POINT('',(17.,20.,1.6));
#4264=CARTESIAN_POINT('',(15.5,20.,0.));
#4265=CARTESIAN_POINT('',(15.5,20.,0.));
#4266=CARTESIAN_POINT('',(17.,20.,0.));
#4267=CARTESIAN_POINT('Origin',(17.,20.,0.));
#4268=CARTESIAN_POINT('',(17.,20.,0.));
#4269=CARTESIAN_POINT('',(17.,20.,1.6));
#4270=CARTESIAN_POINT('Origin',(17.,20.,0.));
#4271=CARTESIAN_POINT('',(17.,20.,1.6));
#4272=CARTESIAN_POINT('',(17.,20.,0.));
#4273=CARTESIAN_POINT('Origin',(17.,20.,0.));
#4274=CARTESIAN_POINT('',(-15.5,20.,0.));
#4275=CARTESIAN_POINT('',(17.,20.,0.));
#4276=CARTESIAN_POINT('',(-15.5,20.,1.6));
#4277=CARTESIAN_POINT('',(-15.5,20.,0.));
#4278=CARTESIAN_POINT('',(17.,20.,1.6));
#4279=CARTESIAN_POINT('Origin',(17.,20.,0.));
#4280=CARTESIAN_POINT('',(17.,20.,1.6));
#4281=CARTESIAN_POINT('',(17.,20.,0.));
#4282=CARTESIAN_POINT('Origin',(-17.,-20.,0.));
#4283=CARTESIAN_POINT('',(15.5,-20.,0.));
#4284=CARTESIAN_POINT('',(-17.,-20.,0.));
#4285=CARTESIAN_POINT('',(15.5,-20.,1.6));
#4286=CARTESIAN_POINT('',(15.5,-20.,0.));
#4287=CARTESIAN_POINT('',(-17.,-20.,1.6));
#4288=CARTESIAN_POINT('Origin',(-17.,-20.,0.));
#4289=CARTESIAN_POINT('',(-17.,-20.,1.6));
#4290=CARTESIAN_POINT('',(-17.,-20.,0.));
#4291=CARTESIAN_POINT('',(-17.,-20.,1.6));
#4292=CARTESIAN_POINT('Origin',(-17.,-20.,0.));
#4293=CARTESIAN_POINT('',(-15.5,-20.,1.6));
#4294=CARTESIAN_POINT('',(-17.,-20.,1.6));
#4295=CARTESIAN_POINT('',(-15.5,-20.,0.));
#4296=CARTESIAN_POINT('',(-15.5,-20.,0.));
#4297=CARTESIAN_POINT('',(-17.,-20.,0.));
#4298=CARTESIAN_POINT('Origin',(-2.22044604925031E-15,-4.44089209850063E-15,
1.6));
#4299=CARTESIAN_POINT('',(-15.,-11.5,1.6));
#4300=CARTESIAN_POINT('',(-13.75,-12.75,1.6));
#4301=CARTESIAN_POINT('',(-15.,11.5,1.6));
#4302=CARTESIAN_POINT('',(-15.,6.5,1.6));
#4303=CARTESIAN_POINT('',(-13.5,13.,1.6));
#4304=CARTESIAN_POINT('',(-13.75,12.75,1.6));
#4305=CARTESIAN_POINT('',(13.5,13.,1.6));
#4306=CARTESIAN_POINT('',(7.5,13.,1.6));
#4307=CARTESIAN_POINT('',(15.,11.5,1.6));
#4308=CARTESIAN_POINT('',(13.75,12.75,1.6));
#4309=CARTESIAN_POINT('',(15.,-11.5,1.6));
#4310=CARTESIAN_POINT('',(15.,-6.5,1.6));
#4311=CARTESIAN_POINT('',(13.75,-12.75,1.6));
#4312=CARTESIAN_POINT('',(17.,-18.5,1.6));
#4313=CARTESIAN_POINT('',(17.,-18.5,1.6));
#4314=CARTESIAN_POINT('',(17.,18.5,1.6));
#4315=CARTESIAN_POINT('',(17.,-20.,1.6));
#4316=CARTESIAN_POINT('',(17.,18.5,1.6));
#4317=CARTESIAN_POINT('',(-17.,18.5,1.6));
#4318=CARTESIAN_POINT('',(-17.,18.5,1.6));
#4319=CARTESIAN_POINT('',(-17.,-18.5,1.6));
#4320=CARTESIAN_POINT('',(-17.,20.,1.6));
#4321=CARTESIAN_POINT('',(-17.,-18.5,1.6));
#4322=CARTESIAN_POINT('',(13.95,15.5,1.6));
#4323=CARTESIAN_POINT('Origin',(15.,15.5,1.6));
#4324=CARTESIAN_POINT('',(13.95,-15.5,1.6));
#4325=CARTESIAN_POINT('Origin',(15.,-15.5,1.6));
#4326=CARTESIAN_POINT('',(-16.05,-15.5,1.6));
#4327=CARTESIAN_POINT('Origin',(-15.,-15.5,1.6));
#4328=CARTESIAN_POINT('',(-16.05,15.5,1.6));
#4329=CARTESIAN_POINT('Origin',(-15.,15.5,1.6));
#4330=CARTESIAN_POINT('Origin',(-16.25,19.25,0.));
#4331=CARTESIAN_POINT('',(-17.,18.5,0.));
#4332=CARTESIAN_POINT('',(-17.,18.5,0.));
#4333=CARTESIAN_POINT('',(-17.,18.5,0.));
#4334=CARTESIAN_POINT('Origin',(-17.,20.,0.));
#4335=CARTESIAN_POINT('',(-17.,-18.5,0.));
#4336=CARTESIAN_POINT('',(-17.,20.,0.));
#4337=CARTESIAN_POINT('',(-17.,-18.5,0.));
#4338=CARTESIAN_POINT('Origin',(0.,0.,0.));
#4339=CARTESIAN_POINT('',(17.,18.5,0.));
#4340=CARTESIAN_POINT('',(17.,18.5,0.));
#4341=CARTESIAN_POINT('',(17.,-18.5,0.));
#4342=CARTESIAN_POINT('',(17.,-20.,0.));
#4343=CARTESIAN_POINT('',(17.,-18.5,0.));
#4344=CARTESIAN_POINT('',(-17.,-18.5,0.));
#4345=CARTESIAN_POINT('',(13.95,15.5,0.));
#4346=CARTESIAN_POINT('Origin',(15.,15.5,0.));
#4347=CARTESIAN_POINT('',(13.95,-15.5,0.));
#4348=CARTESIAN_POINT('Origin',(15.,-15.5,0.));
#4349=CARTESIAN_POINT('',(-16.05,-15.5,0.));
#4350=CARTESIAN_POINT('Origin',(-15.,-15.5,0.));
#4351=CARTESIAN_POINT('',(-16.05,15.5,0.));
#4352=CARTESIAN_POINT('Origin',(-15.,15.5,0.));
#4353=CARTESIAN_POINT('Origin',(-14.25,12.25,0.));
#4354=CARTESIAN_POINT('',(-13.5,13.,0.));
#4355=CARTESIAN_POINT('',(-15.,11.5,0.));
#4356=CARTESIAN_POINT('Origin',(-15.,13.,0.));
#4357=CARTESIAN_POINT('',(-15.,-11.5,0.));
#4358=CARTESIAN_POINT('Origin',(16.25,19.25,0.));
#4359=CARTESIAN_POINT('',(17.,18.5,0.));
#4360=CARTESIAN_POINT('Origin',(17.,-20.,0.));
#4361=CARTESIAN_POINT('',(17.,-18.5,0.));
#4362=CARTESIAN_POINT('Origin',(14.25,12.25,0.));
#4363=CARTESIAN_POINT('',(15.,11.5,0.));
#4364=CARTESIAN_POINT('',(13.5,13.,0.));
#4365=CARTESIAN_POINT('Origin',(15.,13.,0.));
#4366=CARTESIAN_POINT('Origin',(16.25,-19.25,0.));
#4367=CARTESIAN_POINT('Origin',(14.25,-12.25,0.));
#4368=CARTESIAN_POINT('',(15.,-11.5,0.));
#4369=CARTESIAN_POINT('Origin',(15.,-13.,0.));
#4370=CARTESIAN_POINT('Origin',(-14.25,-12.25,0.));
#4371=CARTESIAN_POINT('Origin',(-16.25,-19.25,0.));
#4372=CARTESIAN_POINT('Origin',(15.,15.5,0.));
#4373=CARTESIAN_POINT('',(13.95,15.5,0.));
#4374=CARTESIAN_POINT('Origin',(15.,-15.5,0.));
#4375=CARTESIAN_POINT('',(13.95,-15.5,0.));
#4376=CARTESIAN_POINT('Origin',(-15.,-15.5,0.));
#4377=CARTESIAN_POINT('',(-16.05,-15.5,0.));
#4378=CARTESIAN_POINT('Origin',(-15.,15.5,0.));
#4379=CARTESIAN_POINT('',(-16.05,15.5,0.));
#4380=CARTESIAN_POINT('Origin',(0.,0.,12.6));
#4381=UNCERTAINTY_MEASURE_WITH_UNIT(LENGTH_MEASURE(0.01),#4385,
'DISTANCE_ACCURACY_VALUE',
'Maximum model space distance between geometric entities at asserted c
onnectivities');
#4382=UNCERTAINTY_MEASURE_WITH_UNIT(LENGTH_MEASURE(0.01),#4385,
'DISTANCE_ACCURACY_VALUE',
'Maximum model space distance between geometric entities at asserted c
onnectivities');
#4383=(
GEOMETRIC_REPRESENTATION_CONTEXT(3)
GLOBAL_UNCERTAINTY_ASSIGNED_CONTEXT((#4381))
GLOBAL_UNIT_ASSIGNED_CONTEXT((#4385,#4387,#4388))
REPRESENTATION_CONTEXT('','3D')
);
#4384=(
GEOMETRIC_REPRESENTATION_CONTEXT(3)
GLOBAL_UNCERTAINTY_ASSIGNED_CONTEXT((#4382))
GLOBAL_UNIT_ASSIGNED_CONTEXT((#4385,#4387,#4388))
REPRESENTATION_CONTEXT('','3D')
);
#4385=(
LENGTH_UNIT()
NAMED_UNIT(*)
SI_UNIT(.MILLI.,.METRE.)
);
#4386=(
LENGTH_UNIT()
NAMED_UNIT(*)
SI_UNIT($,.METRE.)
);
#4387=(
NAMED_UNIT(*)
PLANE_ANGLE_UNIT()
SI_UNIT($,.RADIAN.)
);
#4388=(
NAMED_UNIT(*)
SI_UNIT($,.STERADIAN.)
SOLID_ANGLE_UNIT()
);
#4389=SHAPE_DEFINITION_REPRESENTATION(#4390,#4391);
#4390=PRODUCT_DEFINITION_SHAPE('',$,#4393);
#4391=SHAPE_REPRESENTATION('',(#2477),#4383);
#4392=PRODUCT_DEFINITION_CONTEXT('part definition',#4397,'design');
#4393=PRODUCT_DEFINITION('TM171','TM171 v0',#4394,#4392);
#4394=PRODUCT_DEFINITION_FORMATION('',$,#4399);
#4395=PRODUCT_RELATED_PRODUCT_CATEGORY('TM171 v0','TM171 v0',(#4399));
#4396=APPLICATION_PROTOCOL_DEFINITION('international standard',
'automotive_design',2009,#4397);
#4397=APPLICATION_CONTEXT(
'Core Data for Automotive Mechanical Design Process');
#4398=PRODUCT_CONTEXT('part definition',#4397,'mechanical');
#4399=PRODUCT('TM171','TM171 v0',$,(#4398));
#4400=PRESENTATION_STYLE_ASSIGNMENT((#4401));
#4401=SURFACE_STYLE_USAGE(.BOTH.,#4402);
#4402=SURFACE_SIDE_STYLE('',(#4403));
#4403=SURFACE_STYLE_FILL_AREA(#4404);
#4404=FILL_AREA_STYLE('Steel - Satin',(#4405));
#4405=FILL_AREA_STYLE_COLOUR('Steel - Satin',#4406);
#4406=COLOUR_RGB('Steel - Satin',0.627450980392157,0.627450980392157,0.627450980392157);
ENDSEC;
END-ISO-10303-21;
